[
{
  "model": "admin.logentry",
  "pk": 127,
  "fields": {
    "action_time": "2025-11-16T18:25:14.096Z",
    "user": 71,
    "content_type": 48,
    "object_id": "8",
    "object_repr": "intervencion Familia TAOD - Test 1",
    "action_flag": 1,
    "change_message": "[{\"added\": {}}]"
  }
},
{
  "model": "admin.logentry",
  "pk": 128,
  "fields": {
    "action_time": "2025-11-16T18:25:36.985Z",
    "user": 71,
    "content_type": 48,
    "object_id": "9",
    "object_repr": "intervencion Familia TAOD - dfdsfssd",
    "action_flag": 1,
    "change_message": "[{\"added\": {}}]"
  }
},
{
  "model": "admin.logentry",
  "pk": 129,
  "fields": {
    "action_time": "2025-11-16T18:43:43.808Z",
    "user": 71,
    "content_type": 4,
    "object_id": "58",
    "object_repr": "Luis",
    "action_flag": 3,
    "change_message": ""
  }
},
{
  "model": "admin.logentry",
  "pk": 130,
  "fields": {
    "action_time": "2025-11-16T18:43:43.808Z",
    "user": 71,
    "content_type": 4,
    "object_id": "66",
    "object_repr": "jans00",
    "action_flag": 3,
    "change_message": ""
  }
},
{
  "model": "admin.logentry",
  "pk": 131,
  "fields": {
    "action_time": "2025-11-16T18:43:43.808Z",
    "user": 71,
    "content_type": 4,
    "object_id": "63",
    "object_repr": "jans01",
    "action_flag": 3,
    "change_message": ""
  }
},
{
  "model": "admin.logentry",
  "pk": 132,
  "fields": {
    "action_time": "2025-11-16T18:43:43.808Z",
    "user": 71,
    "content_type": 4,
    "object_id": "68",
    "object_repr": "jans05",
    "action_flag": 3,
    "change_message": ""
  }
},
{
  "model": "admin.logentry",
  "pk": 133,
  "fields": {
    "action_time": "2025-11-16T18:43:43.808Z",
    "user": 71,
    "content_type": 4,
    "object_id": "69",
    "object_repr": "jans06",
    "action_flag": 3,
    "change_message": ""
  }
},
{
  "model": "admin.logentry",
  "pk": 134,
  "fields": {
    "action_time": "2025-11-16T18:43:43.808Z",
    "user": 71,
    "content_type": 4,
    "object_id": "70",
    "object_repr": "jans08",
    "action_flag": 3,
    "change_message": ""
  }
},
{
  "model": "admin.logentry",
  "pk": 135,
  "fields": {
    "action_time": "2025-11-16T18:43:43.808Z",
    "user": 71,
    "content_type": 4,
    "object_id": "64",
    "object_repr": "jansgreen01",
    "action_flag": 3,
    "change_message": ""
  }
},
{
  "model": "admin.logentry",
  "pk": 136,
  "fields": {
    "action_time": "2025-11-16T18:43:43.808Z",
    "user": 71,
    "content_type": 4,
    "object_id": "72",
    "object_repr": "jansgreen04",
    "action_flag": 3,
    "change_message": ""
  }
},
{
  "model": "admin.logentry",
  "pk": 137,
  "fields": {
    "action_time": "2025-11-16T18:43:43.808Z",
    "user": 71,
    "content_type": 4,
    "object_id": "59",
    "object_repr": "jasn06",
    "action_flag": 3,
    "change_message": ""
  }
},
{
  "model": "admin.logentry",
  "pk": 138,
  "fields": {
    "action_time": "2025-11-16T18:43:43.808Z",
    "user": 71,
    "content_type": 4,
    "object_id": "65",
    "object_repr": "pedro",
    "action_flag": 3,
    "change_message": ""
  }
},
{
  "model": "admin.logentry",
  "pk": 139,
  "fields": {
    "action_time": "2025-11-16T21:02:34.812Z",
    "user": 71,
    "content_type": 54,
    "object_id": "39",
    "object_repr": "teststudent in Curso 4 Test",
    "action_flag": 3,
    "change_message": ""
  }
},
{
  "model": "admin.logentry",
  "pk": 140,
  "fields": {
    "action_time": "2025-11-16T21:02:34.812Z",
    "user": 71,
    "content_type": 54,
    "object_id": "38",
    "object_repr": "teststudent in Curso 2 Test",
    "action_flag": 3,
    "change_message": ""
  }
},
{
  "model": "admin.logentry",
  "pk": 141,
  "fields": {
    "action_time": "2025-11-16T21:02:34.812Z",
    "user": 71,
    "content_type": 54,
    "object_id": "37",
    "object_repr": "teststudent in Curso 3",
    "action_flag": 3,
    "change_message": ""
  }
},
{
  "model": "admin.logentry",
  "pk": 142,
  "fields": {
    "action_time": "2025-11-16T21:02:34.812Z",
    "user": 71,
    "content_type": 54,
    "object_id": "36",
    "object_repr": "jansgreen02 in curso 1 test",
    "action_flag": 3,
    "change_message": ""
  }
},
{
  "model": "admin.logentry",
  "pk": 143,
  "fields": {
    "action_time": "2025-11-16T21:02:34.812Z",
    "user": 71,
    "content_type": 54,
    "object_id": "35",
    "object_repr": "teststudent in curso 1 test",
    "action_flag": 3,
    "change_message": ""
  }
},
{
  "model": "admin.logentry",
  "pk": 144,
  "fields": {
    "action_time": "2025-11-16T21:02:34.812Z",
    "user": 71,
    "content_type": 54,
    "object_id": "33",
    "object_repr": "jansgreen02 in Preparacion de Consejeros de atencion a la familia e intervencion y abuso de susrancias",
    "action_flag": 3,
    "change_message": ""
  }
},
{
  "model": "admin.logentry",
  "pk": 145,
  "fields": {
    "action_time": "2025-11-16T21:02:34.812Z",
    "user": 71,
    "content_type": 54,
    "object_id": "24",
    "object_repr": "studentdemo in Curso 2 Test",
    "action_flag": 3,
    "change_message": ""
  }
},
{
  "model": "admin.logentry",
  "pk": 146,
  "fields": {
    "action_time": "2025-11-16T21:02:34.812Z",
    "user": 71,
    "content_type": 54,
    "object_id": "23",
    "object_repr": "studentdemo in curso 1 test",
    "action_flag": 3,
    "change_message": ""
  }
},
{
  "model": "admin.logentry",
  "pk": 147,
  "fields": {
    "action_time": "2025-11-16T21:42:27.532Z",
    "user": 71,
    "content_type": 57,
    "object_id": "1",
    "object_repr": "Certificado TEMP-CERT - TecnicoTest - curso 1 test",
    "action_flag": 1,
    "change_message": "[{\"added\": {}}]"
  }
},
{
  "model": "admin.logentry",
  "pk": 148,
  "fields": {
    "action_time": "2025-11-16T21:45:00.651Z",
    "user": 71,
    "content_type": 57,
    "object_id": "1",
    "object_repr": "Certificado TEMP-CERT - TecnicoTest - curso 1 test",
    "action_flag": 2,
    "change_message": "[]"
  }
},
{
  "model": "admin.logentry",
  "pk": 149,
  "fields": {
    "action_time": "2025-11-16T22:09:11.598Z",
    "user": 71,
    "content_type": 57,
    "object_id": "1",
    "object_repr": "Certificado TEMP-CERT - TecnicoTest - curso 1 test",
    "action_flag": 2,
    "change_message": "[]"
  }
},
{
  "model": "admin.logentry",
  "pk": 150,
  "fields": {
    "action_time": "2026-01-05T02:20:46.044Z",
    "user": 71,
    "content_type": 4,
    "object_id": "71",
    "object_repr": "jansgreen02",
    "action_flag": 2,
    "change_message": "[{\"changed\": {\"fields\": [\"Groups\", \"User permissions\"]}}]"
  }
},
{
  "model": "admin.logentry",
  "pk": 151,
  "fields": {
    "action_time": "2026-01-05T03:53:58.042Z",
    "user": 71,
    "content_type": 4,
    "object_id": "77",
    "object_repr": "facilitadordemo",
    "action_flag": 3,
    "change_message": ""
  }
},
{
  "model": "admin.logentry",
  "pk": 152,
  "fields": {
    "action_time": "2026-01-05T03:55:43.133Z",
    "user": 71,
    "content_type": 4,
    "object_id": "78",
    "object_repr": "facilitadordemo",
    "action_flag": 3,
    "change_message": ""
  }
},
{
  "model": "admin.logentry",
  "pk": 153,
  "fields": {
    "action_time": "2026-01-05T03:57:01.467Z",
    "user": 71,
    "content_type": 4,
    "object_id": "79",
    "object_repr": "facilitadordemo",
    "action_flag": 3,
    "change_message": ""
  }
},
{
  "model": "admin.logentry",
  "pk": 154,
  "fields": {
    "action_time": "2026-01-05T03:59:15.573Z",
    "user": 71,
    "content_type": 4,
    "object_id": "80",
    "object_repr": "facilitadordemo",
    "action_flag": 3,
    "change_message": ""
  }
},
{
  "model": "admin.logentry",
  "pk": 155,
  "fields": {
    "action_time": "2026-01-05T04:05:45.333Z",
    "user": 71,
    "content_type": 4,
    "object_id": "81",
    "object_repr": "facilitadordemo",
    "action_flag": 3,
    "change_message": ""
  }
},
{
  "model": "admin.logentry",
  "pk": 156,
  "fields": {
    "action_time": "2026-01-05T04:07:53.633Z",
    "user": 71,
    "content_type": 4,
    "object_id": "82",
    "object_repr": "facilitadordemo",
    "action_flag": 3,
    "change_message": ""
  }
},
{
  "model": "admin.logentry",
  "pk": 157,
  "fields": {
    "action_time": "2026-01-05T04:14:58.977Z",
    "user": 71,
    "content_type": 4,
    "object_id": "83",
    "object_repr": "facilitadordemo",
    "action_flag": 3,
    "change_message": ""
  }
},
{
  "model": "admin.logentry",
  "pk": 158,
  "fields": {
    "action_time": "2026-01-05T04:24:32.232Z",
    "user": 71,
    "content_type": 4,
    "object_id": "84",
    "object_repr": "facilitadordemo",
    "action_flag": 3,
    "change_message": ""
  }
},
{
  "model": "admin.logentry",
  "pk": 159,
  "fields": {
    "action_time": "2026-01-05T04:32:54.704Z",
    "user": 71,
    "content_type": 4,
    "object_id": "85",
    "object_repr": "facilitadordemo",
    "action_flag": 3,
    "change_message": ""
  }
},
{
  "model": "admin.logentry",
  "pk": 160,
  "fields": {
    "action_time": "2026-01-05T04:37:36.858Z",
    "user": 71,
    "content_type": 4,
    "object_id": "86",
    "object_repr": "F",
    "action_flag": 3,
    "change_message": ""
  }
},
{
  "model": "admin.logentry",
  "pk": 161,
  "fields": {
    "action_time": "2026-01-05T04:47:58.041Z",
    "user": 71,
    "content_type": 4,
    "object_id": "87",
    "object_repr": "facilitadordemo",
    "action_flag": 3,
    "change_message": ""
  }
},
{
  "model": "admin.logentry",
  "pk": 162,
  "fields": {
    "action_time": "2026-01-05T04:52:31.214Z",
    "user": 71,
    "content_type": 4,
    "object_id": "88",
    "object_repr": "facilitadordemo",
    "action_flag": 3,
    "change_message": ""
  }
},
{
  "model": "admin.logentry",
  "pk": 163,
  "fields": {
    "action_time": "2026-01-05T05:04:32.597Z",
    "user": 71,
    "content_type": 4,
    "object_id": "89",
    "object_repr": "facilitadordemo",
    "action_flag": 3,
    "change_message": ""
  }
},
{
  "model": "admin.logentry",
  "pk": 164,
  "fields": {
    "action_time": "2026-01-05T21:12:59.555Z",
    "user": 71,
    "content_type": 4,
    "object_id": "67",
    "object_repr": "TecnicoTest",
    "action_flag": 3,
    "change_message": ""
  }
},
{
  "model": "admin.logentry",
  "pk": 165,
  "fields": {
    "action_time": "2026-01-05T21:12:59.555Z",
    "user": 71,
    "content_type": 4,
    "object_id": "92",
    "object_repr": "becatest",
    "action_flag": 3,
    "change_message": ""
  }
},
{
  "model": "admin.logentry",
  "pk": 166,
  "fields": {
    "action_time": "2026-01-05T21:12:59.555Z",
    "user": 71,
    "content_type": 4,
    "object_id": "76",
    "object_repr": "clientedemo",
    "action_flag": 3,
    "change_message": ""
  }
},
{
  "model": "admin.logentry",
  "pk": 167,
  "fields": {
    "action_time": "2026-01-05T21:12:59.555Z",
    "user": 71,
    "content_type": 4,
    "object_id": "90",
    "object_repr": "facilitadordemo",
    "action_flag": 3,
    "change_message": ""
  }
},
{
  "model": "admin.logentry",
  "pk": 168,
  "fields": {
    "action_time": "2026-01-05T21:12:59.555Z",
    "user": 71,
    "content_type": 4,
    "object_id": "93",
    "object_repr": "paymentTest",
    "action_flag": 3,
    "change_message": ""
  }
},
{
  "model": "admin.logentry",
  "pk": 169,
  "fields": {
    "action_time": "2026-01-05T21:12:59.555Z",
    "user": 71,
    "content_type": 4,
    "object_id": "44",
    "object_repr": "studentdemo",
    "action_flag": 3,
    "change_message": ""
  }
},
{
  "model": "admin.logentry",
  "pk": 170,
  "fields": {
    "action_time": "2026-01-05T21:12:59.555Z",
    "user": 71,
    "content_type": 4,
    "object_id": "73",
    "object_repr": "teststudent",
    "action_flag": 3,
    "change_message": ""
  }
},
{
  "model": "admin.logentry",
  "pk": 171,
  "fields": {
    "action_time": "2026-01-05T21:14:03.096Z",
    "user": 71,
    "content_type": 50,
    "object_id": "6",
    "object_repr": "La educaci?n temprana sobre el Uso del Tabaco, Alcohol y Otras Drogas, previene que nuestros j?venes no se enfermen Bio-psicosocial",
    "action_flag": 3,
    "change_message": ""
  }
},
{
  "model": "admin.logentry",
  "pk": 172,
  "fields": {
    "action_time": "2026-01-05T21:14:12.990Z",
    "user": 71,
    "content_type": 50,
    "object_id": "2",
    "object_repr": "La educaci?n temprana sobre el Uso del Tabaco, Alcohol y Otras Drogas, previene que nuestros j?venes no se enfermen Bio-psicosocial",
    "action_flag": 3,
    "change_message": ""
  }
},
{
  "model": "admin.logentry",
  "pk": 173,
  "fields": {
    "action_time": "2026-01-05T21:20:09.729Z",
    "user": 71,
    "content_type": 50,
    "object_id": "5",
    "object_repr": "Preparacion de Consejeros de atencion a la familia e intervencion y abuso de susrancias",
    "action_flag": 3,
    "change_message": ""
  }
},
{
  "model": "admin.logentry",
  "pk": 174,
  "fields": {
    "action_time": "2026-01-05T21:30:05.953Z",
    "user": 71,
    "content_type": 50,
    "object_id": "8",
    "object_repr": "La educaci?n temprana sobre el uso del Tabaco, Alcohol y Otras Drogas, previene que nuestros j?venes no se enfermen Bio-psicosocial",
    "action_flag": 2,
    "change_message": "[{\"changed\": {\"fields\": [\"Course description\", \"Program\", \"Image\"]}}, {\"added\": {\"name\": \"module\", \"object\": \"La educaci\\u00f3n temprana sobre el uso del Tabaco, Alcohol y Otras Drogas, previene que nuestros j\\u00f3venes no se enfermen Bio-psicosocial - Pronto\"}}]"
  }
},
{
  "model": "admin.logentry",
  "pk": 175,
  "fields": {
    "action_time": "2026-01-05T22:49:13.735Z",
    "user": 71,
    "content_type": 4,
    "object_id": "95",
    "object_repr": "EstuditanteTest",
    "action_flag": 3,
    "change_message": ""
  }
},
{
  "model": "admin.logentry",
  "pk": 176,
  "fields": {
    "action_time": "2026-01-05T22:49:13.735Z",
    "user": 71,
    "content_type": 4,
    "object_id": "91",
    "object_repr": "estudianteTest",
    "action_flag": 3,
    "change_message": ""
  }
},
{
  "model": "admin.logentry",
  "pk": 177,
  "fields": {
    "action_time": "2026-01-05T22:49:13.735Z",
    "user": 71,
    "content_type": 4,
    "object_id": "94",
    "object_repr": "estudiantedemo",
    "action_flag": 3,
    "change_message": ""
  }
},
{
  "model": "admin.logentry",
  "pk": 178,
  "fields": {
    "action_time": "2026-01-05T23:06:25.659Z",
    "user": 71,
    "content_type": 4,
    "object_id": "96",
    "object_repr": "EstudenteDemo",
    "action_flag": 3,
    "change_message": ""
  }
},
{
  "model": "admin.logentry",
  "pk": 179,
  "fields": {
    "action_time": "2026-01-05T23:06:25.659Z",
    "user": 71,
    "content_type": 4,
    "object_id": "97",
    "object_repr": "EstudianteTest",
    "action_flag": 3,
    "change_message": ""
  }
},
{
  "model": "admin.logentry",
  "pk": 180,
  "fields": {
    "action_time": "2026-01-05T23:07:48.936Z",
    "user": 71,
    "content_type": 4,
    "object_id": "98",
    "object_repr": "estudiantedemo",
    "action_flag": 3,
    "change_message": ""
  }
},
{
  "model": "admin.logentry",
  "pk": 181,
  "fields": {
    "action_time": "2026-01-05T23:22:17.350Z",
    "user": 71,
    "content_type": 4,
    "object_id": "99",
    "object_repr": "estudiantedemo",
    "action_flag": 3,
    "change_message": ""
  }
},
{
  "model": "admin.logentry",
  "pk": 182,
  "fields": {
    "action_time": "2026-01-06T18:39:34.942Z",
    "user": 71,
    "content_type": 54,
    "object_id": "53",
    "object_repr": "estudiantedemo in DEMO ? Prevenci?n del Uso de Alcohol, Tabaco y Otras Drogas (active)",
    "action_flag": 3,
    "change_message": ""
  }
},
{
  "model": "admin.logentry",
  "pk": 183,
  "fields": {
    "action_time": "2026-01-06T18:54:03.569Z",
    "user": 71,
    "content_type": 54,
    "object_id": "54",
    "object_repr": "estudiantedemo in DEMO ? Prevenci?n del Uso de Alcohol, Tabaco y Otras Drogas (active)",
    "action_flag": 3,
    "change_message": ""
  }
},
{
  "model": "admin.logentry",
  "pk": 184,
  "fields": {
    "action_time": "2026-01-06T19:12:44.452Z",
    "user": 71,
    "content_type": 54,
    "object_id": "55",
    "object_repr": "estudiantedemo in DEMO ? Prevenci?n del Uso de Alcohol, Tabaco y Otras Drogas (active)",
    "action_flag": 3,
    "change_message": ""
  }
},
{
  "model": "admin.logentry",
  "pk": 185,
  "fields": {
    "action_time": "2026-01-06T20:16:27.021Z",
    "user": 71,
    "content_type": 85,
    "object_id": "2",
    "object_repr": "Residencial - Sin calle, Sin ciudad",
    "action_flag": 3,
    "change_message": ""
  }
},
{
  "model": "admin.logentry",
  "pk": 186,
  "fields": {
    "action_time": "2026-01-06T20:16:27.022Z",
    "user": 71,
    "content_type": 85,
    "object_id": "1",
    "object_repr": "Residencial - Sin calle, Sin ciudad",
    "action_flag": 3,
    "change_message": ""
  }
},
{
  "model": "admin.logentry",
  "pk": 187,
  "fields": {
    "action_time": "2026-01-07T12:26:51.649Z",
    "user": 71,
    "content_type": 54,
    "object_id": "58",
    "object_repr": "jansgreen02 in DEMO ? Prevenci?n del Uso de Alcohol, Tabaco y Otras Drogas (active)",
    "action_flag": 3,
    "change_message": ""
  }
},
{
  "model": "admin.logentry",
  "pk": 188,
  "fields": {
    "action_time": "2026-01-07T12:26:51.650Z",
    "user": 71,
    "content_type": 54,
    "object_id": "57",
    "object_repr": "DemoStudents in DEMO ? Prevenci?n del Uso de Alcohol, Tabaco y Otras Drogas (active)",
    "action_flag": 3,
    "change_message": ""
  }
},
{
  "model": "admin.logentry",
  "pk": 189,
  "fields": {
    "action_time": "2026-01-07T12:26:51.650Z",
    "user": 71,
    "content_type": 54,
    "object_id": "56",
    "object_repr": "estudiantedemo in DEMO ? Prevenci?n del Uso de Alcohol, Tabaco y Otras Drogas (active)",
    "action_flag": 3,
    "change_message": ""
  }
},
{
  "model": "admin.logentry",
  "pk": 190,
  "fields": {
    "action_time": "2026-01-07T12:54:08.667Z",
    "user": 71,
    "content_type": 54,
    "object_id": "59",
    "object_repr": "DemoStudents in DEMO ? Prevenci?n del Uso de Alcohol, Tabaco y Otras Drogas (active)",
    "action_flag": 3,
    "change_message": ""
  }
},
{
  "model": "admin.logentry",
  "pk": 191,
  "fields": {
    "action_time": "2026-01-07T13:31:24.826Z",
    "user": 71,
    "content_type": 54,
    "object_id": "60",
    "object_repr": "DemoStudents in DEMO ? Prevenci?n del Uso de Alcohol, Tabaco y Otras Drogas (active)",
    "action_flag": 3,
    "change_message": ""
  }
},
{
  "model": "admin.logentry",
  "pk": 192,
  "fields": {
    "action_time": "2026-01-07T14:09:12.104Z",
    "user": 71,
    "content_type": 54,
    "object_id": "61",
    "object_repr": "DemoStudents in DEMO ? Prevenci?n del Uso de Alcohol, Tabaco y Otras Drogas (active)",
    "action_flag": 3,
    "change_message": ""
  }
},
{
  "model": "admin.logentry",
  "pk": 193,
  "fields": {
    "action_time": "2026-01-07T14:26:20.299Z",
    "user": 71,
    "content_type": 54,
    "object_id": "62",
    "object_repr": "DemoStudents in DEMO ? Prevenci?n del Uso de Alcohol, Tabaco y Otras Drogas (active)",
    "action_flag": 3,
    "change_message": ""
  }
},
{
  "model": "admin.logentry",
  "pk": 194,
  "fields": {
    "action_time": "2026-01-07T14:55:06.812Z",
    "user": 71,
    "content_type": 54,
    "object_id": "63",
    "object_repr": "DemoStudents in DEMO ? Prevenci?n del Uso de Alcohol, Tabaco y Otras Drogas (active)",
    "action_flag": 3,
    "change_message": ""
  }
},
{
  "model": "admin.logentry",
  "pk": 195,
  "fields": {
    "action_time": "2026-01-07T14:57:00.303Z",
    "user": 71,
    "content_type": 54,
    "object_id": "64",
    "object_repr": "DemoStudents in DEMO ? Prevenci?n del Uso de Alcohol, Tabaco y Otras Drogas (active)",
    "action_flag": 3,
    "change_message": ""
  }
},
{
  "model": "admin.logentry",
  "pk": 196,
  "fields": {
    "action_time": "2026-01-08T06:07:03.275Z",
    "user": 71,
    "content_type": 54,
    "object_id": "65",
    "object_repr": "DemoStudents in DEMO ? Prevenci?n del Uso de Alcohol, Tabaco y Otras Drogas (active)",
    "action_flag": 3,
    "change_message": ""
  }
},
{
  "model": "admin.logentry",
  "pk": 197,
  "fields": {
    "action_time": "2026-01-08T06:17:21.652Z",
    "user": 71,
    "content_type": 54,
    "object_id": "66",
    "object_repr": "DemoStudents in DEMO ? Prevenci?n del Uso de Alcohol, Tabaco y Otras Drogas (active)",
    "action_flag": 3,
    "change_message": ""
  }
},
{
  "model": "admin.logentry",
  "pk": 198,
  "fields": {
    "action_time": "2026-01-08T06:37:01.883Z",
    "user": 71,
    "content_type": 54,
    "object_id": "67",
    "object_repr": "DemoStudents in DEMO ? Prevenci?n del Uso de Alcohol, Tabaco y Otras Drogas (active)",
    "action_flag": 3,
    "change_message": ""
  }
},
{
  "model": "admin.logentry",
  "pk": 199,
  "fields": {
    "action_time": "2026-01-08T06:38:03.853Z",
    "user": 71,
    "content_type": 54,
    "object_id": "68",
    "object_repr": "DemoStudents in DEMO ? Prevenci?n del Uso de Alcohol, Tabaco y Otras Drogas (active)",
    "action_flag": 3,
    "change_message": ""
  }
},
{
  "model": "admin.logentry",
  "pk": 200,
  "fields": {
    "action_time": "2026-01-08T06:38:36.015Z",
    "user": 71,
    "content_type": 70,
    "object_id": "1",
    "object_repr": "QuickTest Fundamentos de Prevenci?n - DemoStudents (80.00)",
    "action_flag": 3,
    "change_message": ""
  }
},
{
  "model": "admin.logentry",
  "pk": 201,
  "fields": {
    "action_time": "2026-01-08T06:47:32.130Z",
    "user": 71,
    "content_type": 70,
    "object_id": "2",
    "object_repr": "QuickTest Fundamentos de Prevenci?n - DemoStudents (80.00)",
    "action_flag": 3,
    "change_message": ""
  }
},
{
  "model": "admin.logentry",
  "pk": 202,
  "fields": {
    "action_time": "2026-01-08T06:47:47.127Z",
    "user": 71,
    "content_type": 54,
    "object_id": "69",
    "object_repr": "DemoStudents in DEMO ? Prevenci?n del Uso de Alcohol, Tabaco y Otras Drogas (active)",
    "action_flag": 3,
    "change_message": ""
  }
},
{
  "model": "admin.logentry",
  "pk": 203,
  "fields": {
    "action_time": "2026-01-09T03:27:38.800Z",
    "user": 71,
    "content_type": 54,
    "object_id": "70",
    "object_repr": "DemoStudents in DEMO ? Prevenci?n del Uso de Alcohol, Tabaco y Otras Drogas (active)",
    "action_flag": 3,
    "change_message": ""
  }
},
{
  "model": "admin.logentry",
  "pk": 204,
  "fields": {
    "action_time": "2026-01-09T03:54:59.491Z",
    "user": 71,
    "content_type": 54,
    "object_id": "71",
    "object_repr": "DemoStudents in DEMO ? Prevenci?n del Uso de Alcohol, Tabaco y Otras Drogas (active)",
    "action_flag": 3,
    "change_message": ""
  }
},
{
  "model": "admin.logentry",
  "pk": 205,
  "fields": {
    "action_time": "2026-01-11T16:07:21.162Z",
    "user": 71,
    "content_type": 54,
    "object_id": "73",
    "object_repr": "jansgreen02 in DEMO ? Prevenci?n del Uso de Alcohol, Tabaco y Otras Drogas (completed)",
    "action_flag": 3,
    "change_message": ""
  }
},
{
  "model": "admin.logentry",
  "pk": 206,
  "fields": {
    "action_time": "2026-01-11T16:07:21.162Z",
    "user": 71,
    "content_type": 54,
    "object_id": "72",
    "object_repr": "DemoStudents in DEMO ? Prevenci?n del Uso de Alcohol, Tabaco y Otras Drogas (completed)",
    "action_flag": 3,
    "change_message": ""
  }
},
{
  "model": "admin.logentry",
  "pk": 207,
  "fields": {
    "action_time": "2026-01-11T16:10:14.850Z",
    "user": 71,
    "content_type": 70,
    "object_id": "6",
    "object_repr": "QuickTest Impacto Social y Escolar - DemoStudents (80.00)",
    "action_flag": 3,
    "change_message": ""
  }
},
{
  "model": "admin.logentry",
  "pk": 208,
  "fields": {
    "action_time": "2026-01-11T16:10:14.850Z",
    "user": 71,
    "content_type": 70,
    "object_id": "5",
    "object_repr": "QuickTest Impacto Social y Escolar - jansgreen02 (80.00)",
    "action_flag": 3,
    "change_message": ""
  }
},
{
  "model": "admin.logentry",
  "pk": 209,
  "fields": {
    "action_time": "2026-01-11T16:10:14.850Z",
    "user": 71,
    "content_type": 70,
    "object_id": "4",
    "object_repr": "QuickTest Fundamentos de Prevenci?n - jansgreen02 (80.00)",
    "action_flag": 3,
    "change_message": ""
  }
},
{
  "model": "admin.logentry",
  "pk": 210,
  "fields": {
    "action_time": "2026-01-11T16:10:14.850Z",
    "user": 71,
    "content_type": 70,
    "object_id": "3",
    "object_repr": "QuickTest Fundamentos de Prevenci?n - DemoStudents (80.00)",
    "action_flag": 3,
    "change_message": ""
  }
},
{
  "model": "admin.logentry",
  "pk": 211,
  "fields": {
    "action_time": "2026-01-11T16:10:34.615Z",
    "user": 71,
    "content_type": 54,
    "object_id": "74",
    "object_repr": "jansgreen02 in DEMO ? Prevenci?n del Uso de Alcohol, Tabaco y Otras Drogas (completed)",
    "action_flag": 3,
    "change_message": ""
  }
},
{
  "model": "admin.logentry",
  "pk": 212,
  "fields": {
    "action_time": "2026-01-11T16:46:08.427Z",
    "user": 71,
    "content_type": 70,
    "object_id": "8",
    "object_repr": "QuickTest Impacto Social y Escolar - jansgreen02 (80.00)",
    "action_flag": 3,
    "change_message": ""
  }
},
{
  "model": "admin.logentry",
  "pk": 213,
  "fields": {
    "action_time": "2026-01-11T16:46:08.427Z",
    "user": 71,
    "content_type": 70,
    "object_id": "7",
    "object_repr": "QuickTest Fundamentos de Prevenci?n - jansgreen02 (80.00)",
    "action_flag": 3,
    "change_message": ""
  }
},
{
  "model": "admin.logentry",
  "pk": 214,
  "fields": {
    "action_time": "2026-01-11T16:46:27.226Z",
    "user": 71,
    "content_type": 54,
    "object_id": "75",
    "object_repr": "jansgreen02 in DEMO ? Prevenci?n del Uso de Alcohol, Tabaco y Otras Drogas (completed)",
    "action_flag": 3,
    "change_message": ""
  }
},
{
  "model": "admin.logentry",
  "pk": 215,
  "fields": {
    "action_time": "2026-01-11T17:10:53.525Z",
    "user": 71,
    "content_type": 54,
    "object_id": "76",
    "object_repr": "jansgreen02 in DEMO ? Prevenci?n del Uso de Alcohol, Tabaco y Otras Drogas (completed)",
    "action_flag": 3,
    "change_message": ""
  }
},
{
  "model": "admin.logentry",
  "pk": 216,
  "fields": {
    "action_time": "2026-01-11T17:11:13.373Z",
    "user": 71,
    "content_type": 70,
    "object_id": "10",
    "object_repr": "QuickTest Impacto Social y Escolar - jansgreen02 (80.00)",
    "action_flag": 3,
    "change_message": ""
  }
},
{
  "model": "admin.logentry",
  "pk": 217,
  "fields": {
    "action_time": "2026-01-11T17:11:13.373Z",
    "user": 71,
    "content_type": 70,
    "object_id": "9",
    "object_repr": "QuickTest Fundamentos de Prevenci?n - jansgreen02 (80.00)",
    "action_flag": 3,
    "change_message": ""
  }
},
{
  "model": "admin.logentry",
  "pk": 218,
  "fields": {
    "action_time": "2026-01-11T17:24:20.112Z",
    "user": 71,
    "content_type": 70,
    "object_id": "12",
    "object_repr": "QuickTest Impacto Social y Escolar - jansgreen02 (80.00)",
    "action_flag": 3,
    "change_message": ""
  }
},
{
  "model": "admin.logentry",
  "pk": 219,
  "fields": {
    "action_time": "2026-01-11T17:24:20.112Z",
    "user": 71,
    "content_type": 70,
    "object_id": "11",
    "object_repr": "QuickTest Fundamentos de Prevenci?n - jansgreen02 (100.00)",
    "action_flag": 3,
    "change_message": ""
  }
},
{
  "model": "admin.logentry",
  "pk": 220,
  "fields": {
    "action_time": "2026-01-11T17:24:50.561Z",
    "user": 71,
    "content_type": 54,
    "object_id": "77",
    "object_repr": "jansgreen02 in DEMO ? Prevenci?n del Uso de Alcohol, Tabaco y Otras Drogas (completed)",
    "action_flag": 3,
    "change_message": ""
  }
},
{
  "model": "admin.logentry",
  "pk": 221,
  "fields": {
    "action_time": "2026-01-11T17:34:58.606Z",
    "user": 71,
    "content_type": 54,
    "object_id": "78",
    "object_repr": "jansgreen02 in DEMO ? Prevenci?n del Uso de Alcohol, Tabaco y Otras Drogas (completed)",
    "action_flag": 3,
    "change_message": ""
  }
},
{
  "model": "admin.logentry",
  "pk": 222,
  "fields": {
    "action_time": "2026-01-11T17:38:22.487Z",
    "user": 71,
    "content_type": 70,
    "object_id": "14",
    "object_repr": "QuickTest Impacto Social y Escolar - jansgreen02 (80.00)",
    "action_flag": 3,
    "change_message": ""
  }
},
{
  "model": "admin.logentry",
  "pk": 223,
  "fields": {
    "action_time": "2026-01-11T17:38:22.487Z",
    "user": 71,
    "content_type": 70,
    "object_id": "13",
    "object_repr": "QuickTest Fundamentos de Prevenci?n - jansgreen02 (100.00)",
    "action_flag": 3,
    "change_message": ""
  }
},
{
  "model": "admin.logentry",
  "pk": 224,
  "fields": {
    "action_time": "2026-01-11T18:17:27.768Z",
    "user": 71,
    "content_type": 70,
    "object_id": "16",
    "object_repr": "QuickTest Impacto Social y Escolar - jansgreen02 (80.00)",
    "action_flag": 3,
    "change_message": ""
  }
},
{
  "model": "admin.logentry",
  "pk": 225,
  "fields": {
    "action_time": "2026-01-11T18:17:27.769Z",
    "user": 71,
    "content_type": 70,
    "object_id": "15",
    "object_repr": "QuickTest Fundamentos de Prevenci?n - jansgreen02 (100.00)",
    "action_flag": 3,
    "change_message": ""
  }
},
{
  "model": "admin.logentry",
  "pk": 226,
  "fields": {
    "action_time": "2026-01-11T18:17:48.629Z",
    "user": 71,
    "content_type": 54,
    "object_id": "79",
    "object_repr": "jansgreen02 in DEMO ? Prevenci?n del Uso de Alcohol, Tabaco y Otras Drogas (completed)",
    "action_flag": 3,
    "change_message": ""
  }
},
{
  "model": "admin.logentry",
  "pk": 227,
  "fields": {
    "action_time": "2026-01-11T18:49:56.242Z",
    "user": 71,
    "content_type": 70,
    "object_id": "18",
    "object_repr": "QuickTest Impacto Social y Escolar - jansgreen02 (80.00)",
    "action_flag": 3,
    "change_message": ""
  }
},
{
  "model": "admin.logentry",
  "pk": 228,
  "fields": {
    "action_time": "2026-01-11T18:49:56.242Z",
    "user": 71,
    "content_type": 70,
    "object_id": "17",
    "object_repr": "QuickTest Fundamentos de Prevenci?n - jansgreen02 (100.00)",
    "action_flag": 3,
    "change_message": ""
  }
},
{
  "model": "admin.logentry",
  "pk": 229,
  "fields": {
    "action_time": "2026-01-11T18:50:13.443Z",
    "user": 71,
    "content_type": 54,
    "object_id": "80",
    "object_repr": "jansgreen02 in DEMO ? Prevenci?n del Uso de Alcohol, Tabaco y Otras Drogas (completed)",
    "action_flag": 3,
    "change_message": ""
  }
},
{
  "model": "admin.logentry",
  "pk": 230,
  "fields": {
    "action_time": "2026-01-11T19:02:29.600Z",
    "user": 71,
    "content_type": 54,
    "object_id": "81",
    "object_repr": "jansgreen02 in DEMO ? Prevenci?n del Uso de Alcohol, Tabaco y Otras Drogas (active)",
    "action_flag": 3,
    "change_message": ""
  }
},
{
  "model": "admin.logentry",
  "pk": 231,
  "fields": {
    "action_time": "2026-01-11T19:02:55.057Z",
    "user": 71,
    "content_type": 70,
    "object_id": "21",
    "object_repr": "QuickTest Decisiones y Protecci?n - jansgreen02 (100.00)",
    "action_flag": 3,
    "change_message": ""
  }
},
{
  "model": "admin.logentry",
  "pk": 232,
  "fields": {
    "action_time": "2026-01-11T19:02:55.057Z",
    "user": 71,
    "content_type": 70,
    "object_id": "20",
    "object_repr": "QuickTest Impacto Social y Escolar - jansgreen02 (80.00)",
    "action_flag": 3,
    "change_message": ""
  }
},
{
  "model": "admin.logentry",
  "pk": 233,
  "fields": {
    "action_time": "2026-01-11T19:02:55.057Z",
    "user": 71,
    "content_type": 70,
    "object_id": "19",
    "object_repr": "QuickTest Fundamentos de Prevenci?n - jansgreen02 (100.00)",
    "action_flag": 3,
    "change_message": ""
  }
},
{
  "model": "admin.logentry",
  "pk": 234,
  "fields": {
    "action_time": "2026-01-11T20:24:06.827Z",
    "user": 71,
    "content_type": 70,
    "object_id": "24",
    "object_repr": "QuickTest Decisiones y Protecci?n - jansgreen02 (100.00)",
    "action_flag": 3,
    "change_message": ""
  }
},
{
  "model": "admin.logentry",
  "pk": 235,
  "fields": {
    "action_time": "2026-01-11T20:24:06.827Z",
    "user": 71,
    "content_type": 70,
    "object_id": "23",
    "object_repr": "QuickTest Impacto Social y Escolar - jansgreen02 (80.00)",
    "action_flag": 3,
    "change_message": ""
  }
},
{
  "model": "admin.logentry",
  "pk": 236,
  "fields": {
    "action_time": "2026-01-11T20:24:06.827Z",
    "user": 71,
    "content_type": 70,
    "object_id": "22",
    "object_repr": "QuickTest Fundamentos de Prevenci?n - jansgreen02 (100.00)",
    "action_flag": 3,
    "change_message": ""
  }
},
{
  "model": "admin.logentry",
  "pk": 237,
  "fields": {
    "action_time": "2026-01-11T20:24:22.553Z",
    "user": 71,
    "content_type": 54,
    "object_id": "82",
    "object_repr": "jansgreen02 in DEMO ? Prevenci?n del Uso de Alcohol, Tabaco y Otras Drogas (completed)",
    "action_flag": 3,
    "change_message": ""
  }
},
{
  "model": "admin.logentry",
  "pk": 238,
  "fields": {
    "action_time": "2026-01-12T01:13:48.400Z",
    "user": 71,
    "content_type": 54,
    "object_id": "84",
    "object_repr": "DemoStudents in La educaci?n temprana sobre el uso del Tabaco, Alcohol y Otras Drogas, previene que nuestros j?venes no se enfermen Bio-psicosocial (pending_payment)",
    "action_flag": 3,
    "change_message": ""
  }
},
{
  "model": "admin.logentry",
  "pk": 239,
  "fields": {
    "action_time": "2026-01-12T01:13:48.400Z",
    "user": 71,
    "content_type": 54,
    "object_id": "83",
    "object_repr": "jansgreen02 in DEMO ? Prevenci?n del Uso de Alcohol, Tabaco y Otras Drogas (completed)",
    "action_flag": 3,
    "change_message": ""
  }
},
{
  "model": "admin.logentry",
  "pk": 240,
  "fields": {
    "action_time": "2026-01-12T01:14:05.916Z",
    "user": 71,
    "content_type": 70,
    "object_id": "27",
    "object_repr": "QuickTest Decisiones y Protecci?n - jansgreen02 (100.00)",
    "action_flag": 3,
    "change_message": ""
  }
},
{
  "model": "admin.logentry",
  "pk": 241,
  "fields": {
    "action_time": "2026-01-12T01:14:05.916Z",
    "user": 71,
    "content_type": 70,
    "object_id": "26",
    "object_repr": "QuickTest Impacto Social y Escolar - jansgreen02 (85.00)",
    "action_flag": 3,
    "change_message": ""
  }
},
{
  "model": "admin.logentry",
  "pk": 242,
  "fields": {
    "action_time": "2026-01-12T01:14:05.916Z",
    "user": 71,
    "content_type": 70,
    "object_id": "25",
    "object_repr": "QuickTest Fundamentos de Prevenci?n - jansgreen02 (85.00)",
    "action_flag": 3,
    "change_message": ""
  }
},
{
  "model": "admin.logentry",
  "pk": 243,
  "fields": {
    "action_time": "2026-01-13T00:37:48.702Z",
    "user": 71,
    "content_type": 54,
    "object_id": "85",
    "object_repr": "jansgreen02 in DEMO ? Prevenci?n del Uso de Alcohol, Tabaco y Otras Drogas (active)",
    "action_flag": 3,
    "change_message": ""
  }
},
{
  "model": "admin.logentry",
  "pk": 244,
  "fields": {
    "action_time": "2026-01-13T01:14:46.154Z",
    "user": 71,
    "content_type": 70,
    "object_id": "28",
    "object_repr": "QuickTest Fundamentos de Prevenci?n - custumerdemo (100.00)",
    "action_flag": 3,
    "change_message": ""
  }
},
{
  "model": "admin.logentry",
  "pk": 245,
  "fields": {
    "action_time": "2026-01-13T02:01:57.073Z",
    "user": 71,
    "content_type": 70,
    "object_id": "34",
    "object_repr": "QuickTest Fundamentos de Prevenci?n - custumerdemo (100.00)",
    "action_flag": 3,
    "change_message": ""
  }
},
{
  "model": "admin.logentry",
  "pk": 246,
  "fields": {
    "action_time": "2026-01-13T02:01:57.073Z",
    "user": 71,
    "content_type": 70,
    "object_id": "33",
    "object_repr": "QuickTest Decisiones y Protecci?n - DemoStudents (100.00)",
    "action_flag": 3,
    "change_message": ""
  }
},
{
  "model": "admin.logentry",
  "pk": 247,
  "fields": {
    "action_time": "2026-01-13T02:01:57.073Z",
    "user": 71,
    "content_type": 70,
    "object_id": "32",
    "object_repr": "QuickTest Impacto Social y Escolar - DemoStudents (100.00)",
    "action_flag": 3,
    "change_message": ""
  }
},
{
  "model": "admin.logentry",
  "pk": 248,
  "fields": {
    "action_time": "2026-01-13T02:01:57.073Z",
    "user": 71,
    "content_type": 70,
    "object_id": "31",
    "object_repr": "QuickTest Fundamentos de Prevenci?n - DemoStudents (100.00)",
    "action_flag": 3,
    "change_message": ""
  }
},
{
  "model": "admin.logentry",
  "pk": 249,
  "fields": {
    "action_time": "2026-01-13T02:01:57.073Z",
    "user": 71,
    "content_type": 70,
    "object_id": "30",
    "object_repr": "QuickTest Decisiones y Protecci?n - custumerdemo (100.00)",
    "action_flag": 3,
    "change_message": ""
  }
},
{
  "model": "admin.logentry",
  "pk": 250,
  "fields": {
    "action_time": "2026-01-13T02:01:57.073Z",
    "user": 71,
    "content_type": 70,
    "object_id": "29",
    "object_repr": "QuickTest Impacto Social y Escolar - custumerdemo (80.00)",
    "action_flag": 3,
    "change_message": ""
  }
},
{
  "model": "admin.logentry",
  "pk": 251,
  "fields": {
    "action_time": "2026-01-13T02:02:18.457Z",
    "user": 71,
    "content_type": 54,
    "object_id": "87",
    "object_repr": "custumerdemo in DEMO ? Prevenci?n del Uso de Alcohol, Tabaco y Otras Drogas (completed)",
    "action_flag": 3,
    "change_message": ""
  }
},
{
  "model": "admin.logentry",
  "pk": 252,
  "fields": {
    "action_time": "2026-01-13T02:02:18.457Z",
    "user": 71,
    "content_type": 54,
    "object_id": "86",
    "object_repr": "DemoStudents in DEMO ? Prevenci?n del Uso de Alcohol, Tabaco y Otras Drogas (completed)",
    "action_flag": 3,
    "change_message": ""
  }
},
{
  "model": "admin.logentry",
  "pk": 253,
  "fields": {
    "action_time": "2026-01-16T01:02:02.529Z",
    "user": 71,
    "content_type": 4,
    "object_id": "102",
    "object_repr": "DemoStudents",
    "action_flag": 3,
    "change_message": ""
  }
},
{
  "model": "admin.logentry",
  "pk": 254,
  "fields": {
    "action_time": "2026-01-16T01:02:02.529Z",
    "user": 71,
    "content_type": 4,
    "object_id": "103",
    "object_repr": "custumerdemo",
    "action_flag": 3,
    "change_message": ""
  }
},
{
  "model": "admin.logentry",
  "pk": 255,
  "fields": {
    "action_time": "2026-01-16T01:02:02.530Z",
    "user": 71,
    "content_type": 4,
    "object_id": "100",
    "object_repr": "estudiantedemo",
    "action_flag": 3,
    "change_message": ""
  }
},
{
  "model": "admin.logentry",
  "pk": 256,
  "fields": {
    "action_time": "2026-01-16T01:02:02.530Z",
    "user": 71,
    "content_type": 4,
    "object_id": "101",
    "object_repr": "jans",
    "action_flag": 3,
    "change_message": ""
  }
},
{
  "model": "admin.logentry",
  "pk": 257,
  "fields": {
    "action_time": "2026-01-16T01:02:02.530Z",
    "user": 71,
    "content_type": 4,
    "object_id": "104",
    "object_repr": "jansg",
    "action_flag": 3,
    "change_message": ""
  }
},
{
  "model": "admin.logentry",
  "pk": 258,
  "fields": {
    "action_time": "2026-01-16T01:02:02.530Z",
    "user": 71,
    "content_type": 4,
    "object_id": "54",
    "object_repr": "jansgreen",
    "action_flag": 3,
    "change_message": ""
  }
},
{
  "model": "admin.logentry",
  "pk": 259,
  "fields": {
    "action_time": "2026-01-16T01:02:02.530Z",
    "user": 71,
    "content_type": 4,
    "object_id": "75",
    "object_repr": "jansgreen03",
    "action_flag": 3,
    "change_message": ""
  }
},
{
  "model": "admin.logentry",
  "pk": 260,
  "fields": {
    "action_time": "2026-01-16T01:02:02.530Z",
    "user": 71,
    "content_type": 4,
    "object_id": "74",
    "object_repr": "lpena",
    "action_flag": 3,
    "change_message": ""
  }
},
{
  "model": "admin.logentry",
  "pk": 261,
  "fields": {
    "action_time": "2026-01-18T18:44:51.087Z",
    "user": 71,
    "content_type": 15,
    "object_id": "8",
    "object_repr": "jansgreen02",
    "action_flag": 3,
    "change_message": ""
  }
},
{
  "model": "admin.logentry",
  "pk": 262,
  "fields": {
    "action_time": "2026-01-18T18:45:03.509Z",
    "user": 71,
    "content_type": 70,
    "object_id": "40",
    "object_repr": "QuickTest Decisiones y Protecci?n - jansgreen02 (100.00)",
    "action_flag": 3,
    "change_message": ""
  }
},
{
  "model": "admin.logentry",
  "pk": 263,
  "fields": {
    "action_time": "2026-01-18T18:45:03.509Z",
    "user": 71,
    "content_type": 70,
    "object_id": "39",
    "object_repr": "QuickTest Impacto Social y Escolar - jansgreen02 (80.00)",
    "action_flag": 3,
    "change_message": ""
  }
},
{
  "model": "admin.logentry",
  "pk": 264,
  "fields": {
    "action_time": "2026-01-18T18:45:03.509Z",
    "user": 71,
    "content_type": 70,
    "object_id": "38",
    "object_repr": "QuickTest Fundamentos de Prevenci?n - jansgreen02 (100.00)",
    "action_flag": 3,
    "change_message": ""
  }
},
{
  "model": "admin.logentry",
  "pk": 265,
  "fields": {
    "action_time": "2026-01-18T18:45:21.605Z",
    "user": 71,
    "content_type": 54,
    "object_id": "89",
    "object_repr": "jansgreen02 in DEMO ? Prevenci?n del Uso de Alcohol, Tabaco y Otras Drogas (completed)",
    "action_flag": 3,
    "change_message": ""
  }
},
{
  "model": "auth.group",
  "pk": 1,
  "fields": {
    "name": "Admin",
    "permissions": [
      129,
      130,
      131,
      132
    ]
  }
},
{
  "model": "auth.group",
  "pk": 2,
  "fields": {
    "name": "Directives",
    "permissions": [
      200
    ]
  }
},
{
  "model": "auth.group",
  "pk": 3,
  "fields": {
    "name": "customers",
    "permissions": []
  }
},
{
  "model": "auth.group",
  "pk": 4,
  "fields": {
    "name": "students",
    "permissions": [
      77,
      78,
      79,
      80
    ]
  }
},
{
  "model": "auth.group",
  "pk": 5,
  "fields": {
    "name": "Facilitadores",
    "permissions": []
  }
},
{
  "model": "auth.group",
  "pk": 6,
  "fields": {
    "name": "student",
    "permissions": []
  }
},
{
  "model": "auth.group",
  "pk": 7,
  "fields": {
    "name": "facilitador",
    "permissions": []
  }
},
{
  "model": "auth.group",
  "pk": 8,
  "fields": {
    "name": "tecnico",
    "permissions": []
  }
},
{
  "model": "auth.user",
  "pk": 71,
  "fields": {
    "password": "pbkdf2_sha256$870000$GV5Mw2H6BKLXP24HYplf7H$/oOp6vWAmeYENVp5d0BOty+rkPpU2eVD3ZMtOtW8Ehg=",
    "last_login": "2026-02-14T05:50:57.043Z",
    "is_superuser": true,
    "username": "jansgreen02",
    "first_name": "",
    "last_name": "",
    "email": "jansgreen@gmail.com",
    "is_staff": true,
    "is_active": true,
    "date_joined": "2025-11-16T18:23:08Z",
    "groups": [
      1,
      2,
      3,
      4,
      5,
      7,
      8
    ],
    "user_permissions": [
      129,
      130,
      131,
      132,
      133,
      134,
      135,
      136,
      1,
      2,
      3,
      4,
      9,
      10,
      11,
      12,
      5,
      6,
      7,
      8,
      13,
      14,
      15,
      16,
      49,
      50,
      51,
      52,
      185,
      186,
      187,
      188,
      53,
      54,
      55,
      56,
      229,
      230,
      231,
      232,
      61,
      62,
      63,
      64,
      181,
      182,
      183,
      184,
      73,
      74,
      75,
      76,
      57,
      58,
      59,
      60,
      65,
      66,
      67,
      68,
      69,
      70,
      71,
      72,
      41,
      42,
      43,
      44,
      45,
      46,
      47,
      48,
      225,
      226,
      227,
      228,
      301,
      302,
      303,
      304,
      297,
      298,
      299,
      300,
      97,
      98,
      99,
      100,
      25,
      26,
      27,
      28,
      29,
      30,
      31,
      32,
      33,
      34,
      35,
      36,
      37,
      38,
      39,
      40,
      261,
      262,
      263,
      264,
      265,
      266,
      267,
      268,
      17,
      18,
      19,
      20,
      197,
      198,
      199,
      200,
      285,
      286,
      287,
      288,
      189,
      190,
      191,
      192,
      193,
      194,
      195,
      196,
      293,
      294,
      295,
      296,
      289,
      290,
      291,
      292,
      209,
      210,
      211,
      212,
      273,
      274,
      275,
      276,
      201,
      202,
      203,
      204,
      205,
      206,
      207,
      208,
      173,
      174,
      175,
      176,
      177,
      178,
      179,
      180,
      269,
      270,
      271,
      272,
      213,
      214,
      215,
      216,
      217,
      218,
      219,
      220,
      221,
      222,
      223,
      224,
      249,
      250,
      251,
      252,
      245,
      246,
      247,
      248,
      241,
      242,
      243,
      244,
      125,
      126,
      127,
      128,
      149,
      150,
      151,
      152,
      281,
      282,
      283,
      284,
      121,
      122,
      123,
      124,
      237,
      238,
      239,
      240,
      233,
      234,
      235,
      236,
      117,
      118,
      119,
      120,
      101,
      102,
      103,
      104,
      257,
      258,
      259,
      260,
      109,
      110,
      111,
      112,
      105,
      106,
      107,
      108,
      113,
      114,
      115,
      116,
      253,
      254,
      255,
      256,
      277,
      278,
      279,
      280,
      21,
      22,
      23,
      24,
      77,
      78,
      79,
      80,
      89,
      90,
      91,
      92,
      81,
      82,
      83,
      84,
      85,
      86,
      87,
      88,
      93,
      94,
      95,
      96,
      153,
      154,
      155,
      156,
      157,
      158,
      159,
      160,
      161,
      162,
      163,
      164,
      169,
      170,
      171,
      172,
      165,
      166,
      167,
      168,
      137,
      138,
      139,
      140,
      141,
      142,
      143,
      144,
      145,
      146,
      147,
      148
    ]
  }
},
{
  "model": "auth.user",
  "pk": 105,
  "fields": {
    "password": "pbkdf2_sha256$870000$JVchHjO9J9KZmjhBhS1iOz$q4l5gCjFJVVtQHQHXSRUTgWFuO/cpn5MXjkpgxLKI1c=",
    "last_login": null,
    "is_superuser": true,
    "username": "jansgreen_dev",
    "first_name": "",
    "last_name": "",
    "email": "jansgreen@gmail.com",
    "is_staff": true,
    "is_active": true,
    "date_joined": "2026-01-16T01:00:43.296Z",
    "groups": [],
    "user_permissions": []
  }
},
{
  "model": "home.reportactivity",
  "pk": 6,
  "fields": {
    "course": 8,
    "issued_year": 2021,
    "district": "01, 05, 06, 07, 15, 11, 13 16",
    "quantity": 29,
    "image": "media/certifications/report_activities/TAOD2023_akvlpj",
    "description": "",
    "created_at": "2026-01-16T12:09:41.164Z",
    "updated_at": "2026-01-16T12:09:41.164Z",
    "categories": 9
  }
},
{
  "model": "home.reportactivity",
  "pk": 7,
  "fields": {
    "course": 8,
    "issued_year": 2022,
    "district": "01, 05, 06, 07, 15, 11, 13 16",
    "quantity": 88,
    "image": "media/certifications/report_activities/WhatsApp_Image_2025-12-28_at_7.21.08_PM_1_brypjf",
    "description": "",
    "created_at": "2026-01-16T12:10:16.328Z",
    "updated_at": "2026-01-16T12:10:16.328Z",
    "categories": 9
  }
},
{
  "model": "home.reportactivity",
  "pk": 8,
  "fields": {
    "course": 8,
    "issued_year": 2023,
    "district": "01, 05, 06, 07, 15, 11, 13 16",
    "quantity": 1325,
    "image": "media/certifications/report_activities/TAOD2024_e5361o",
    "description": "",
    "created_at": "2026-01-16T12:10:48.253Z",
    "updated_at": "2026-01-16T12:10:48.253Z",
    "categories": 9
  }
},
{
  "model": "home.reportactivity",
  "pk": 9,
  "fields": {
    "course": 8,
    "issued_year": 2024,
    "district": "01, 05, 06, 07, 15, 11, 13 16",
    "quantity": 816,
    "image": "media/certifications/report_activities/WhatsApp_Image_2025-12-28_at_7.16.35_PM_1_mwph9f",
    "description": "",
    "created_at": "2026-01-16T12:11:26.892Z",
    "updated_at": "2026-01-16T12:11:26.892Z",
    "categories": 9
  }
},
{
  "model": "home.reportactivity",
  "pk": 10,
  "fields": {
    "course": 7,
    "issued_year": 2023,
    "district": "01, 05, 06, 07, 15, 11, 13 16",
    "quantity": 14400,
    "image": "media/certifications/report_activities/ChatGPT_Image_28_dic_2025_05_19_12_p.m._ia59xx",
    "description": "",
    "created_at": "2026-01-19T05:58:57.821Z",
    "updated_at": "2026-01-19T05:58:57.821Z",
    "categories": 8
  }
},
{
  "model": "home.reportcategories",
  "pk": 8,
  "fields": {
    "name": "Otras",
    "description": ""
  }
},
{
  "model": "home.reportcategories",
  "pk": 9,
  "fields": {
    "name": "TAOD",
    "description": ""
  }
},
{
  "model": "courses.program",
  "pk": 1,
  "fields": {
    "name": "TAOD"
  }
},
{
  "model": "courses.course",
  "pk": 7,
  "fields": {
    "title": "La competencia de comunicaci?n efectiva y resoluci?n de conflictos",
    "description": "<p><span style=\"color:black;\">la competencia de comunicaci?n efectiva y resoluci?n de conflictos</span></p>",
    "program": null,
    "price": "0.00",
    "image": "media/course_images/Lbcc_manual_e5w5hl",
    "created_at": "2025-12-28T20:16:56.527Z",
    "updated_at": "2026-01-05T00:16:46.011Z",
    "published": true,
    "manual_certified_add": 0,
    "payment_required": false
  }
},
{
  "model": "courses.course",
  "pk": 8,
  "fields": {
    "title": "La educaci?n temprana sobre el uso del Tabaco, Alcohol y Otras Drogas, previene que nuestros j?venes no se enfermen Bio-psicosocial",
    "description": "<p>Formando j?venes fuertes, sanos y conscientes La educaci?n temprana salva vidas. Este curso ha sido dise?ado para brindar a padres, educadores, l?deres comunitarios y j?venes las herramientas necesarias para prevenir el consumo de tabaco, alcohol y otras drogas desde una perspectiva bio-psicosocial, fortaleciendo la mente, el cuerpo y el entorno social de nuestros j?venes. Vivimos en una generaci?n expuesta constantemente a presiones sociales, estr?s emocional y modelos de conducta que aumentan el riesgo de consumo temprano. LBCC presenta este programa como una respuesta educativa integral que protege, orienta y empodera.</p>",
    "program": 1,
    "price": "10.99",
    "image": "media/course_images/Portada_mldpdu",
    "created_at": "2026-01-05T21:23:00.826Z",
    "updated_at": "2026-01-05T21:30:05.940Z",
    "published": true,
    "manual_certified_add": 1,
    "payment_required": false
  }
},
{
  "model": "courses.course",
  "pk": 9,
  "fields": {
    "title": "DEMO ? Prevenci?n del Uso de Alcohol, Tabaco y Otras Drogas",
    "description": "Este es un curso DEMO dise?ado para visualizar, probar y presentar el funcionamiento del Classroom de LBCC. No es un programa acad?mico real; su prop?sito es mostrar el flujo de m?dulos, lecciones, evaluaciones y progreso basado en valores educativos y de prevenci?n.",
    "program": null,
    "price": "0.00",
    "image": "",
    "created_at": "2026-01-06T15:33:42.951Z",
    "updated_at": "2026-01-06T15:33:42.951Z",
    "published": true,
    "manual_certified_add": 0,
    "payment_required": false
  }
},
{
  "model": "courses.course",
  "pk": 125,
  "fields": {
    "title": "CDL A",
    "description": "<p>Commercial Driver License Class A. Full preparation course including General Knowledge, Pre-Trip Inspection, Air Brakes, Combination Vehicles, and Road Safety.</p>",
    "program": null,
    "price": "0.00",
    "image": "",
    "created_at": "2026-01-18T00:00:00Z",
    "updated_at": "2026-01-18T00:00:00Z",
    "published": true,
    "manual_certified_add": 0,
    "payment_required": false
  }
},
{
  "model": "courses.programyearstat",
  "pk": 1,
  "fields": {
    "program": 1,
    "year": 2021,
    "in_person_certified": 29,
    "estimated_children_impacted": 0,
    "notes": "Logros 2021: 29 entrenadores a nivel nacional (docentes, orientadores y psic?logos del Ministerio de Educaci?n).",
    "updated_at": "2025-12-28T13:17:55.362Z"
  }
},
{
  "model": "courses.programyearstat",
  "pk": 2,
  "fields": {
    "program": 1,
    "year": 2022,
    "in_person_certified": 88,
    "estimated_children_impacted": 0,
    "notes": "En el a?o 2022, gracias al ministro, viceministro, director de participaci?n comunitaria, t?cnicos y otros ministerio como el de econom?a nacional por aprobar este programa que por nombre lleva la educaci?n temprana sobre el uso de alcohol, tabaco y otras drogas, previene que nuestros j?venes no se enfermen bio-psicosocialmente. Logros: 2021, 29 entrenadores a nivel nacional, de los docentes, orientadores y psic?logos del ministerio de educaci?n, 2022 a 88 t?cnicos regionales y distritales tanto de participaci?n comunitaria como de orientaci?n y psicolog?a. En el a?o 2023 actualizado, 1442 facilitadores y en el a?o 2024 certificamos a 816.",
    "updated_at": "2025-12-28T13:22:23.354Z"
  }
},
{
  "model": "courses.programyearstat",
  "pk": 3,
  "fields": {
    "program": 1,
    "year": 2023,
    "in_person_certified": 1442,
    "estimated_children_impacted": 0,
    "notes": "En 2023 (actualizado): 1,442 facilitadores certificados.",
    "updated_at": "2025-12-28T13:17:55.369Z"
  }
},
{
  "model": "courses.programyearstat",
  "pk": 4,
  "fields": {
    "program": 1,
    "year": 2024,
    "in_person_certified": 816,
    "estimated_children_impacted": 0,
    "notes": "En 2024: 816 certificados emitidos.",
    "updated_at": "2025-12-28T13:17:55.372Z"
  }
},
{
  "model": "courses.programyearstat",
  "pk": 5,
  "fields": {
    "program": 1,
    "year": 2025,
    "in_person_certified": 8,
    "estimated_children_impacted": 255600,
    "notes": "Incluyendo los 149 que se han certificados en el proyecto de prevenci?n del uso de TAOD y 149 mas sobre la competencia de comunicaci?n efectiva y resoluci?n de conflictos, actualizado a la fecha de hoy un total de 2,383 facilitadores certificados sobre prevenci?n del uso de TAOD y 173 sobre la competencia de comunicaci?n efectiva y resoluci?n de conflictos, que est?n impactando un promedio de 255,600 ni?os(as) . En las regionales 01, 05, 06, 07, 15, 11, 13 16. La ASFL esta habilitada por los Ministerios de Educaci?n y Salud de una manera permanente.",
    "updated_at": "2025-12-28T13:22:23.358Z"
  }
},
{
  "model": "courses.module",
  "pk": 1,
  "fields": {
    "course": 125,
    "title": "GENERAL KNOWLEDGE",
    "description": "<h2>GENERAL KNOWLEDGE</h2><p>Contenido base del CDL: conducci?n segura, leyes b?sicas, alcohol/drogas, emergencias, clima, fatiga, horas de servicio y pr?cticas defensivas.</p>",
    "order": 1
  }
},
{
  "model": "courses.module",
  "pk": 12,
  "fields": {
    "course": 8,
    "title": "Pronto",
    "description": "<p>Actualmente nos encontramos trabajando severamente para traerle este curso</p>",
    "order": 1
  }
},
{
  "model": "courses.module",
  "pk": 16,
  "fields": {
    "course": 9,
    "title": "Fundamentos de Prevenci?n",
    "description": "Conceptos b?sicos sobre drogas y prevenci?n.",
    "order": 1
  }
},
{
  "model": "courses.module",
  "pk": 17,
  "fields": {
    "course": 9,
    "title": "Impacto Social y Escolar",
    "description": "Efectos en la escuela, familia y comunidad.",
    "order": 2
  }
},
{
  "model": "courses.module",
  "pk": 18,
  "fields": {
    "course": 9,
    "title": "Decisiones y Protecci?n",
    "description": "Factores de riesgo/protecci?n y toma de decisiones.",
    "order": 3
  }
},
{
  "model": "courses.module",
  "pk": 102,
  "fields": {
    "course": 125,
    "title": "PRE-TRIP INSPECTION",
    "description": "<h2>PRE-TRIP INSPECTION</h2><p>Este m?dulo cubre la inspecci?n previa al viaje requerida para el CDL. Incluye revisi?n del veh?culo, sistemas de seguridad, frenos, luces, neum?ticos, suspensi?n y componentes cr?ticos antes de operar un veh?culo comercial.</p>",
    "order": 2
  }
},
{
  "model": "courses.module",
  "pk": 103,
  "fields": {
    "course": 125,
    "title": "AIR BRAKES",
    "description": "<h2>AIR BRAKES</h2><p>Este m?dulo cubre el funcionamiento del sistema de frenos de aire, componentes principales, presiones seguras, advertencias, pruebas requeridas y procedimientos de seguridad para veh?culos comerciales.</p>",
    "order": 3
  }
},
{
  "model": "courses.module",
  "pk": 104,
  "fields": {
    "course": 125,
    "title": "COMBINATION VEHICLES",
    "description": "<h2>COMBINATION VEHICLES</h2><p>Este m?dulo cubre operaci?n segura de veh?culos combinados (tractor-trailer), acoplamiento/desacoplamiento, quinta rueda, remolque, estabilidad, distancia de frenado y riesgos comunes.</p>",
    "order": 4
  }
},
{
  "model": "courses.module",
  "pk": 105,
  "fields": {
    "course": 125,
    "title": "SAFE DRIVING",
    "description": "<h2>SAFE DRIVING</h2><p>Este m?dulo cubre conducci?n defensiva, manejo del espacio, velocidad segura, distancias, puntos ciegos, control del veh?culo, conducci?n nocturna y t?cnicas para reducir riesgos y evitar colisiones.</p>",
    "order": 5
  }
},
{
  "model": "courses.module",
  "pk": 106,
  "fields": {
    "course": 125,
    "title": "TRANSPORTING CARGO SAFELY",
    "description": "<h2>TRANSPORTING CARGO SAFELY</h2><p>Este m?dulo cubre la carga segura, distribuci?n del peso, sujeci?n adecuada, inspecci?n de amarres y prevenci?n de desplazamiento de la carga durante el transporte.</p>",
    "order": 6
  }
},
{
  "model": "courses.module",
  "pk": 107,
  "fields": {
    "course": 125,
    "title": "EMERGENCIES & ACCIDENT PROCEDURES",
    "description": "<h2>EMERGENCIES & ACCIDENT PROCEDURES</h2><p>Este m?dulo cubre respuesta a emergencias, control del veh?culo ante fallas, procedimientos en accidentes, protecci?n de la escena, comunicaci?n, primeros pasos y manejo seguro hasta que llegue ayuda.</p>",
    "order": 7
  }
},
{
  "model": "courses.module",
  "pk": 108,
  "fields": {
    "course": 125,
    "title": "HAZARDOUS MATERIALS (HAZMAT)",
    "description": "<h2>HAZARDOUS MATERIALS (HAZMAT)</h2><p>Este m?dulo cubre fundamentos de materiales peligrosos, clases, etiquetas/placards, documentaci?n, responsabilidad del conductor y pr?cticas de seguridad para transporte y manejo.</p>",
    "order": 8
  }
},
{
  "model": "courses.lesson",
  "pk": 26,
  "fields": {
    "module": 16,
    "title": "?Qu? son las drogas?",
    "content": "Definici?n simple y ejemplos cotidianos. Enfatiza que incluyen sustancias legales e ilegales.",
    "video_url": "",
    "video_file": "",
    "order": 1
  }
},
{
  "model": "courses.lesson",
  "pk": 27,
  "fields": {
    "module": 16,
    "title": "Tipos de drogas m?s comunes",
    "content": "Alcohol, tabaco, marihuana y f?rmacos mal utilizados; riesgos generales.",
    "video_url": "",
    "video_file": "",
    "order": 2
  }
},
{
  "model": "courses.lesson",
  "pk": 28,
  "fields": {
    "module": 16,
    "title": "Riesgos del consumo temprano",
    "content": "Impacto en el cerebro en desarrollo, decisiones y relaciones.",
    "video_url": "",
    "video_file": "",
    "order": 3
  }
},
{
  "model": "courses.lesson",
  "pk": 29,
  "fields": {
    "module": 17,
    "title": "Consecuencias en la escuela",
    "content": "Ausencias, bajo rendimiento y conflictos con normas escolares.",
    "video_url": "",
    "video_file": "",
    "order": 1
  }
},
{
  "model": "courses.lesson",
  "pk": 30,
  "fields": {
    "module": 17,
    "title": "Impacto familiar",
    "content": "Tensiones en la comunicaci?n, confianza y convivencia.",
    "video_url": "",
    "video_file": "",
    "order": 2
  }
},
{
  "model": "courses.lesson",
  "pk": 31,
  "fields": {
    "module": 17,
    "title": "Prevenci?n comunitaria",
    "content": "El papel de la escuela, familia y comunidad en la prevenci?n.",
    "video_url": "",
    "video_file": "",
    "order": 3
  }
},
{
  "model": "courses.lesson",
  "pk": 32,
  "fields": {
    "module": 18,
    "title": "Factores de riesgo",
    "content": "Presi?n de pares, baja supervisi?n y manejo emocional limitado.",
    "video_url": "",
    "video_file": "",
    "order": 1
  }
},
{
  "model": "courses.lesson",
  "pk": 33,
  "fields": {
    "module": 18,
    "title": "Factores de protecci?n",
    "content": "Apoyo familiar, metas claras y actividades positivas.",
    "video_url": "",
    "video_file": "",
    "order": 2
  }
},
{
  "model": "courses.lesson",
  "pk": 34,
  "fields": {
    "module": 18,
    "title": "Tomando buenas decisiones",
    "content": "Estrategias para decir no y buscar ayuda.",
    "video_url": "",
    "video_file": "",
    "order": 3
  }
},
{
  "model": "courses.lesson",
  "pk": 1001,
  "fields": {
    "module": 1,
    "title": "LECCI?N GK-01 ? Alcohol, Drogas y Responsabilidad del Conductor CDL",
    "content": "<h2>LECCI?N GK-01 ? Alcohol, Drogas y Responsabilidad del Conductor CDL</h2>\n\n<h3>BAC y sus efectos</h3>\n<p>El BAC (Blood Alcohol Concentration) es la concentraci?n de alcohol en la sangre. A medida que sube, el alcohol afecta el cerebro y la conducci?n segura.</p>\n<ul>\n  <li>Se deteriora el juicio y el autocontrol.</li>\n  <li>Se incrementa el riesgo de decisiones peligrosas.</li>\n</ul>\n\n<h3>Juicio y autocontrol</h3>\n<p>El alcohol afecta primero la capacidad de tomar decisiones. El conductor puede subestimar riesgos y sobreestimar sus habilidades.</p>\n\n<h3>Consentimiento impl?cito</h3>\n<p>Al conducir con licencia (especialmente CDL), el conductor acepta someterse a pruebas de alcohol/drogas cuando la ley lo requiera. Negarse puede tener consecuencias severas.</p>\n\n<h3>Alcohol y tiempo de reacci?n</h3>\n<p>El alcohol aumenta el tiempo de reacci?n: tarda m?s en reconocer un peligro y actuar. En veh?culos comerciales esto aumenta el riesgo debido a la mayor distancia de parada.</p>\n\n<h3>Medicamentos de venta libre</h3>\n<p>Medicamentos para resfriado/alergias pueden causar somnolencia o mareos. Aunque sean legales, pueden hacer inseguro conducir.</p>\n\n<h3>Drogas legales e ilegales</h3>\n<p>Drogas ilegales o algunos medicamentos recetados pueden afectar atenci?n, coordinaci?n y juicio. Su uso puede provocar accidentes y arrestos.</p>\n\n<h3>Responsabilidad legal del conductor CDL</h3>\n<p>El conductor CDL debe estar apto para conducir, cumplir regulaciones y evitar sustancias que afecten la seguridad.</p>",
    "video_url": "",
    "video_file": "",
    "order": 1
  }
},
{
  "model": "courses.lesson",
  "pk": 1101,
  "fields": {
    "module": 102,
    "title": "LECCI?N PT-01 ? Inspecci?n Previa al Viaje (Conceptos B?sicos)",
    "content": "<h2>Inspecci?n Previa al Viaje</h2><p>La inspecci?n previa al viaje es una revisi?n obligatoria que el conductor CDL debe realizar antes de operar un veh?culo comercial.</p><ul><li>Detecta fallas mec?nicas.</li><li>Previene accidentes.</li><li>Es requerida por ley.</li></ul><h3>Responsabilidad del conductor</h3><p>El conductor es legalmente responsable del estado seguro del veh?culo antes de iniciar el viaje.</p><h3>Cu?ndo realizarla</h3><p>Debe hacerse antes de cada viaje y despu?s de que el veh?culo haya estado estacionado por un per?odo prolongado.</p>",
    "video_url": "",
    "video_file": "",
    "order": 1
  }
},
{
  "model": "courses.lesson",
  "pk": 1102,
  "fields": {
    "module": 102,
    "title": "LECCI?N PT-02 ? Componentes Cr?ticos a Revisar",
    "content": "<h2>Componentes Cr?ticos</h2><p>Durante la pre-inspecci?n se deben revisar los sistemas principales del veh?culo.</p><h3>Sistemas clave</h3><ul><li>Frenos (aire o hidr?ulicos)</li><li>Luces y se?ales</li><li>Neum?ticos y ruedas</li><li>Direcci?n y suspensi?n</li><li>Acoplamientos</li></ul><h3>Reporte de defectos</h3><p>Cualquier defecto debe ser reportado y corregido antes de operar el veh?culo.</p>",
    "video_url": "",
    "video_file": "",
    "order": 2
  }
},
{
  "model": "courses.lesson",
  "pk": 1201,
  "fields": {
    "module": 103,
    "title": "LECCI?N AB-01 ? Fundamentos del Sistema de Frenos de Aire",
    "content": "<h2>Fundamentos del Sistema de Frenos de Aire</h2><p>Los frenos de aire utilizan aire comprimido para accionar los frenos del veh?culo comercial.</p><h3>Componentes principales</h3><ul><li>Compresor de aire</li><li>Tanques (reservorios)</li><li>V?lvulas</li><li>C?maras de freno</li><li>Secador de aire</li></ul><h3>Ventajas</h3><p>Mayor potencia de frenado y seguridad para veh?culos pesados.</p>",
    "video_url": "",
    "video_file": "",
    "order": 1
  }
},
{
  "model": "courses.lesson",
  "pk": 1202,
  "fields": {
    "module": 103,
    "title": "LECCI?N AB-02 ? Presi?n, Advertencias y Pruebas del Sistema",
    "content": "<h2>Presi?n y Advertencias</h2><p>El sistema debe operar dentro de rangos de presi?n seguros.</p><ul><li>Presi?n normal: 100?125 PSI</li><li>Advertencia de baja presi?n: ~60 PSI</li><li>Frenos de emergencia se activan ~20?45 PSI</li></ul><h3>Pruebas requeridas</h3><p>Pruebas de fuga, compresor, v?lvulas y freno de estacionamiento son obligatorias para el CDL.</p>",
    "video_url": "",
    "video_file": "",
    "order": 2
  }
},
{
  "model": "courses.lesson",
  "pk": 1301,
  "fields": {
    "module": 104,
    "title": "LECCI?N CV-01 ? Fundamentos de Veh?culos Combinados",
    "content": "<h2>Fundamentos</h2><p>Un veh?culo combinado incluye un tractor y uno o m?s remolques. La estabilidad y el control dependen del acoplamiento correcto y de una conducci?n preventiva.</p><h3>Riesgos principales</h3><ul><li>Mayor distancia de frenado</li><li>Efecto \"offtracking\" en curvas</li><li>Riesgo de volcadura por maniobras bruscas</li></ul><h3>Distribuci?n de peso</h3><p>El peso debe estar bien distribuido para evitar p?rdida de tracci?n y balanceo del remolque.</p>",
    "video_url": "",
    "video_file": "",
    "order": 1
  }
},
{
  "model": "courses.lesson",
  "pk": 1302,
  "fields": {
    "module": 104,
    "title": "LECCI?N CV-02 ? Acoplamiento y Desacoplamiento (Quinta Rueda)",
    "content": "<h2>Acoplamiento y Desacoplamiento</h2><p>El acoplamiento correcto evita desprendimientos y accidentes graves.</p><h3>Pasos esenciales</h3><ul><li>Verificar la altura del remolque</li><li>Alinear tractor y remolque</li><li>Enganche completo de la quinta rueda</li><li>Inspecci?n visual del cierre (lock jaws)</li><li>Conectar l?neas de aire y cable el?ctrico</li><li>Prueba de tir?n (pull test) y revisar freno de remolque</li></ul><h3>Errores comunes</h3><p>Acoplamiento incompleto, mangueras mal conectadas o quinta rueda sin asegurar.</p>",
    "video_url": "",
    "video_file": "",
    "order": 2
  }
},
{
  "model": "courses.lesson",
  "pk": 1401,
  "fields": {
    "module": 105,
    "title": "LECCI?N SD-01 ? Conducci?n Defensiva y Manejo del Espacio",
    "content": "<h2>Conducci?n Defensiva</h2><p>La conducci?n defensiva significa anticipar peligros, mantener el control y reducir riesgos antes de que ocurran incidentes.</p><h3>Claves de manejo del espacio</h3><ul><li>Dejar distancia suficiente de seguimiento</li><li>Evitar permanecer en puntos ciegos de otros</li><li>Mantener una ruta de escape</li></ul><h3>Distancia de seguimiento</h3><p>Veh?culos comerciales requieren m?s distancia para frenar. Aumenta la distancia en lluvia, nieve o baja visibilidad.</p>",
    "video_url": "",
    "video_file": "",
    "order": 1
  }
},
{
  "model": "courses.lesson",
  "pk": 1402,
  "fields": {
    "module": 105,
    "title": "LECCI?N SD-02 ? Velocidad Segura, Puntos Ciegos y Conducci?n Nocturna",
    "content": "<h2>Velocidad Segura</h2><p>La velocidad segura depende del peso, la pendiente, el clima, el tr?fico y la visibilidad.</p><h3>Puntos ciegos</h3><p>Los camiones tienen zonas sin visibilidad alrededor del veh?culo. Ajusta espejos y evita movimientos bruscos.</p><h3>Conducci?n nocturna</h3><ul><li>Reduce la velocidad</li><li>Aumenta distancia</li><li>Mant?n luces y parabrisas limpios</li></ul><p>Si est?s cansado, detente: el cansancio es un factor de alto riesgo.</p>",
    "video_url": "",
    "video_file": "",
    "order": 2
  }
},
{
  "model": "courses.lesson",
  "pk": 1501,
  "fields": {
    "module": 106,
    "title": "LECCI?N TC-01 ? Distribuci?n y Sujeci?n de la Carga",
    "content": "<h2>Distribuci?n de la Carga</h2><p>La carga debe distribuirse de manera uniforme para mantener la estabilidad del veh?culo.</p><ul><li>Evitar sobrecargar ejes.</li><li>Colocar la carga m?s pesada abajo.</li><li>Equilibrar el peso de lado a lado.</li></ul><h3>Sujeci?n adecuada</h3><p>La carga debe asegurarse con correas, cadenas o amarres certificados.</p><p>Una carga mal asegurada puede moverse y causar p?rdida de control o volcadura.</p>",
    "video_url": "",
    "video_file": "",
    "order": 1
  }
},
{
  "model": "courses.lesson",
  "pk": 1502,
  "fields": {
    "module": 106,
    "title": "LECCI?N TC-02 ? Inspecci?n de Carga y Revisi?n en Ruta",
    "content": "<h2>Inspecci?n de la Carga</h2><p>El conductor debe inspeccionar la carga antes de salir y durante el viaje.</p><h3>Cu?ndo revisar</h3><ul><li>Antes de iniciar el viaje</li><li>Despu?s de las primeras 50 millas</li><li>Cada 150 millas o 3 horas</li></ul><h3>Responsabilidad legal</h3><p>El conductor es responsable de que la carga permanezca segura durante todo el trayecto.</p>",
    "video_url": "",
    "video_file": "",
    "order": 2
  }
},
{
  "model": "courses.lesson",
  "pk": 1601,
  "fields": {
    "module": 107,
    "title": "LECCI?N EA-01 ? Respuesta Inicial y Control del Veh?culo en Emergencias",
    "content": "<h2>Respuesta Inicial</h2><p>Ante una emergencia, mant?n la calma y act?a con prioridad en la seguridad.</p><h3>Acciones inmediatas</h3><ul><li>Reducir velocidad de forma controlada</li><li>Se?alizar y moverse a un lugar seguro</li><li>Evitar maniobras bruscas</li></ul><h3>Fallas comunes</h3><ul><li>Revent?n de neum?tico</li><li>Falla de frenos</li><li>Falla de direcci?n</li></ul><p>En revent?n, sujeta firme el volante, no frenes fuerte, y reduce gradualmente.</p>",
    "video_url": "",
    "video_file": "",
    "order": 1
  }
},
{
  "model": "courses.lesson",
  "pk": 1602,
  "fields": {
    "module": 107,
    "title": "LECCI?N EA-02 ? Procedimientos en Accidentes y Protecci?n de la Escena",
    "content": "<h2>Procedimientos en Accidentes</h2><p>Tu prioridad es evitar un segundo accidente y proteger vidas.</p><h3>Pasos clave</h3><ol><li>Detenerse en un lugar seguro si es posible</li><li>Activar luces de emergencia</li><li>Colocar tri?ngulos/reflectores seg?n reglas</li><li>Llamar a servicios de emergencia</li><li>No mover heridos salvo peligro inmediato</li></ol><h3>Comunicaci?n y reporte</h3><p>Informa a la empresa/autoridades y documenta lo ocurrido seg?n procedimiento.</p>",
    "video_url": "",
    "video_file": "",
    "order": 2
  }
},
{
  "model": "courses.lesson",
  "pk": 1701,
  "fields": {
    "module": 108,
    "title": "LECCI?N HM-01 ? Conceptos B?sicos, Clases y Etiquetado (Placards)",
    "content": "<h2>HazMat: Conceptos B?sicos</h2><p>Los materiales peligrosos (HazMat) son sustancias que pueden representar riesgo para la salud, la seguridad o el medio ambiente durante su transporte.</p><h3>Clases generales</h3><ul><li>Explosivos</li><li>Gases</li><li>L?quidos inflamables</li><li>S?lidos inflamables</li><li>Oxidantes y per?xidos</li><li>T?xicos e infecciosos</li><li>Radiactivos</li><li>Corrosivos</li><li>Miscel?neos</li></ul><h3>Placards</h3><p>Los placards (r?tulos) advierten a otros conductores y a los equipos de emergencia sobre el tipo de material peligroso transportado.</p>",
    "video_url": "",
    "video_file": "",
    "order": 1
  }
},
{
  "model": "courses.lesson",
  "pk": 1702,
  "fields": {
    "module": 108,
    "title": "LECCI?N HM-02 ? Documentaci?n, Seguridad y Responsabilidad del Conductor",
    "content": "<h2>Documentaci?n y Seguridad</h2><p>El transporte de HazMat requiere documentos correctos y procedimientos estrictos.</p><h3>Responsabilidades clave</h3><ul><li>Revisar shipping papers (papeles de env?o)</li><li>Verificar placards correctos</li><li>Inspecci?n del veh?culo y de la carga</li><li>Evitar fumar o fuentes de ignici?n donde aplique</li><li>Conocer rutas y restricciones</li></ul><h3>Emergencias</h3><p>En un incidente, sigue el procedimiento de seguridad: proteger la escena, avisar a autoridades y seguir gu?as de emergencia.</p>",
    "video_url": "",
    "video_file": "",
    "order": 2
  }
},
{
  "model": "quicktest.quicktestdefinition",
  "pk": 4,
  "fields": {
    "module": 16,
    "title": "QuickTest DEMO - M?dulo 1"
  }
},
{
  "model": "quicktest.quicktestdefinition",
  "pk": 5,
  "fields": {
    "module": 17,
    "title": "QuickTest DEMO - M?dulo 2"
  }
},
{
  "model": "quicktest.quicktestdefinition",
  "pk": 6,
  "fields": {
    "module": 18,
    "title": "QuickTest DEMO - M?dulo 3"
  }
},
{
  "model": "quicktest.quicktestdefinition",
  "pk": 201,
  "fields": {
    "module": 1,
    "title": "GENERAL KNOWLEDGE ? Module QuickTest"
  }
},
{
  "model": "quicktest.quicktestdefinition",
  "pk": 202,
  "fields": {
    "module": 102,
    "title": "PRE-TRIP INSPECTION ? Module QuickTest"
  }
},
{
  "model": "quicktest.quicktestdefinition",
  "pk": 203,
  "fields": {
    "module": 103,
    "title": "AIR BRAKES ? Module QuickTest"
  }
},
{
  "model": "quicktest.quicktestdefinition",
  "pk": 204,
  "fields": {
    "module": 104,
    "title": "COMBINATION VEHICLES ? Module QuickTest"
  }
},
{
  "model": "quicktest.quicktestdefinition",
  "pk": 205,
  "fields": {
    "module": 105,
    "title": "SAFE DRIVING ? Module QuickTest"
  }
},
{
  "model": "quicktest.quicktestdefinition",
  "pk": 206,
  "fields": {
    "module": 106,
    "title": "TRANSPORTING CARGO SAFELY ? Module QuickTest"
  }
},
{
  "model": "quicktest.quicktestdefinition",
  "pk": 207,
  "fields": {
    "module": 107,
    "title": "EMERGENCIES & ACCIDENT PROCEDURES ? Module QuickTest"
  }
},
{
  "model": "quicktest.quicktestdefinition",
  "pk": 208,
  "fields": {
    "module": 108,
    "title": "HAZARDOUS MATERIALS (HAZMAT) ? Module QuickTest"
  }
},
{
  "model": "quicktest.quicktestquestion",
  "pk": 40,
  "fields": {
    "definition": 4,
    "text": "?Cu?l es un factor de protecci?n frente al consumo?",
    "option_a": "V?nculo familiar fuerte y comunicaci?n abierta",
    "option_b": "Falta de supervisi?n de adultos",
    "option_c": "Consumo temprano en la adolescencia",
    "option_d": "Participaci?n en pandillas",
    "correct_option": "A"
  }
},
{
  "model": "quicktest.quicktestquestion",
  "pk": 41,
  "fields": {
    "definition": 4,
    "text": "?Qu? ejemplo refleja un factor de riesgo en adolescentes?",
    "option_a": "Red de amistades sanas",
    "option_b": "Presi?n de pares para ?probar? sustancias",
    "option_c": "Participaci?n en deportes",
    "option_d": "Comunicaci?n efectiva en casa",
    "correct_option": "B"
  }
},
{
  "model": "quicktest.quicktestquestion",
  "pk": 42,
  "fields": {
    "definition": 4,
    "text": "?Qu? acci?n fortalece factores de protecci?n?",
    "option_a": "Normalizar el consumo en reuniones",
    "option_b": "Evitar hablar del tema en familia",
    "option_c": "Fomentar actividades extracurriculares y apoyo escolar",
    "option_d": "Permitir el consumo ?con moderaci?n?",
    "correct_option": "C"
  }
},
{
  "model": "quicktest.quicktestquestion",
  "pk": 43,
  "fields": {
    "definition": 4,
    "text": "?Cu?l es un factor de protecci?n a nivel escolar?",
    "option_a": "Ausentismo frecuente",
    "option_b": "Bajo rendimiento no atendido",
    "option_c": "Programas de prevenci?n y tutor?as",
    "option_d": "Ambiente de violencia",
    "correct_option": "C"
  }
},
{
  "model": "quicktest.quicktestquestion",
  "pk": 44,
  "fields": {
    "definition": 4,
    "text": "?Qu? describe mejor un factor de riesgo familiar?",
    "option_a": "Normas claras y l?mites consistentes",
    "option_b": "Escasa supervisi?n y l?mites difusos",
    "option_c": "Tiempo de calidad en familia",
    "option_d": "Refuerzo de logros",
    "correct_option": "B"
  }
},
{
  "model": "quicktest.quicktestquestion",
  "pk": 45,
  "fields": {
    "definition": 5,
    "text": "La etapa primaria/experimental se caracteriza por?",
    "option_a": "Consumo diario y dependencia",
    "option_b": "Uso frecuente con consecuencias negativas",
    "option_c": "Primeros intentos por curiosidad, sin patr?n establecido",
    "option_d": "Rehabilitaci?n y tratamiento",
    "correct_option": "C"
  }
},
{
  "model": "quicktest.quicktestquestion",
  "pk": 46,
  "fields": {
    "definition": 5,
    "text": "La etapa secundaria/abuso suele implicar?",
    "option_a": "Uso repetido que afecta escuela y familia",
    "option_b": "Ning?n impacto en el rendimiento",
    "option_c": "Solo consumo experimental",
    "option_d": "Tratamiento especializado",
    "correct_option": "A"
  }
},
{
  "model": "quicktest.quicktestquestion",
  "pk": 47,
  "fields": {
    "definition": 5,
    "text": "La etapa terciaria/consumo diario indica?",
    "option_a": "Curiosidad ocasional",
    "option_b": "Dependencia y necesidad de intervenci?n",
    "option_c": "Abandono total del consumo",
    "option_d": "Sin consecuencias en salud",
    "correct_option": "B"
  }
},
{
  "model": "quicktest.quicktestquestion",
  "pk": 48,
  "fields": {
    "definition": 5,
    "text": "?Qu? se?al encaja con consumo problem?tico (abuso)?",
    "option_a": "Participaci?n estable en clases",
    "option_b": "Conflictos frecuentes y baja motivaci?n",
    "option_c": "H?bitos saludables constantes",
    "option_d": "Relaciones familiares positivas",
    "correct_option": "B"
  }
},
{
  "model": "quicktest.quicktestquestion",
  "pk": 49,
  "fields": {
    "definition": 5,
    "text": "En la etapa experimental, es com?n?",
    "option_a": "Probar por presi?n de pares",
    "option_b": "Reca?das despu?s del tratamiento",
    "option_c": "S?ntomas de abstinencia severos",
    "option_d": "Consumo cr?nico",
    "correct_option": "A"
  }
},
{
  "model": "quicktest.quicktestquestion",
  "pk": 50,
  "fields": {
    "definition": 6,
    "text": "Un impacto frecuente del consumo en la escuela es?",
    "option_a": "Mejor concentraci?n",
    "option_b": "Aumento del rendimiento acad?mico",
    "option_c": "Ausencias, conflictos y bajo rendimiento",
    "option_d": "Mayor integraci?n en actividades",
    "correct_option": "C"
  }
},
{
  "model": "quicktest.quicktestquestion",
  "pk": 51,
  "fields": {
    "definition": 6,
    "text": "Una medida de prevenci?n comunitaria efectiva es?",
    "option_a": "Tolerancia al consumo en eventos",
    "option_b": "Campa?as educativas y apoyo interinstitucional",
    "option_c": "Evitar hablar del tema",
    "option_d": "Normalizar ?probar una vez?",
    "correct_option": "B"
  }
},
{
  "model": "quicktest.quicktestquestion",
  "pk": 52,
  "fields": {
    "definition": 6,
    "text": "Una decisi?n saludable frente a la presi?n de pares es?",
    "option_a": "Ceder ?por una vez?",
    "option_b": "Buscar apoyo y decir no",
    "option_c": "Alejarse de actividades positivas",
    "option_d": "Ocultar la situaci?n",
    "correct_option": "B"
  }
},
{
  "model": "quicktest.quicktestquestion",
  "pk": 53,
  "fields": {
    "definition": 6,
    "text": "?Qu? acci?n familiar ayuda a la prevenci?n?",
    "option_a": "Evitar conversaciones sobre riesgos",
    "option_b": "Comunicaci?n abierta y l?mites claros",
    "option_c": "Ignorar se?ales de alerta",
    "option_d": "Permitir consumo ?bajo control?",
    "correct_option": "B"
  }
},
{
  "model": "quicktest.quicktestquestion",
  "pk": 54,
  "fields": {
    "definition": 6,
    "text": "?Qu? enfoque fortalece decisiones saludables?",
    "option_a": "Informarse, planificar respuestas y buscar apoyo",
    "option_b": "Actuar sin pensar",
    "option_c": "Aislarse del entorno",
    "option_d": "Aceptar cualquier presi?n",
    "correct_option": "A"
  }
},
{
  "model": "quicktest.quicktestquestion",
  "pk": 3001,
  "fields": {
    "definition": 201,
    "text": "EN: As blood alcohol concentration (BAC) goes up, what happens?\nES: A medida que sube la concentraci?n de alcohol en sangre (BAC), ?qu? sucede?",
    "option_a": "EN: Vision improves | ES: Mejora la visi?n",
    "option_b": "EN: Judgment and self-control are affected | ES: Se afectan el juicio y el autocontrol",
    "option_c": "EN: Reaction time improves | ES: Mejora el tiempo de reacci?n",
    "option_d": "EN: Driving skills remain the same | ES: Las habilidades de manejo no cambian",
    "correct_option": "B"
  }
},
{
  "model": "quicktest.quicktestquestion",
  "pk": 3002,
  "fields": {
    "definition": 201,
    "text": "EN: Why is alcohol especially dangerous for CDL drivers?\nES: ?Por qu? el alcohol es especialmente peligroso para conductores CDL?",
    "option_a": "EN: It mainly affects physical strength | ES: Afecta principalmente la fuerza f?sica",
    "option_b": "EN: It affects judgment before physical control | ES: Afecta el juicio antes del control f?sico",
    "option_c": "EN: It only affects vision | ES: Solo afecta la visi?n",
    "option_d": "EN: It has no effect at low levels | ES: No tiene efecto en niveles bajos",
    "correct_option": "B"
  }
},
{
  "model": "quicktest.quicktestquestion",
  "pk": 3003,
  "fields": {
    "definition": 201,
    "text": "EN: Implied consent means:\nES: El consentimiento impl?cito significa:",
    "option_a": "EN: You may refuse alcohol testing | ES: Puedes negarte a la prueba de alcohol",
    "option_b": "EN: You consent only after an accident | ES: Solo aceptas despu?s de un accidente",
    "option_c": "EN: You have already agreed to alcohol testing | ES: Ya diste tu consentimiento para pruebas de alcohol",
    "option_d": "EN: Testing is optional for CDL drivers | ES: Las pruebas son opcionales para CDL",
    "correct_option": "C"
  }
},
{
  "model": "quicktest.quicktestquestion",
  "pk": 3004,
  "fields": {
    "definition": 201,
    "text": "EN: How does alcohol affect reaction time?\nES: ?C?mo afecta el alcohol el tiempo de reacci?n?",
    "option_a": "EN: It shortens reaction time | ES: Lo reduce",
    "option_b": "EN: It has no effect | ES: No lo afecta",
    "option_c": "EN: It increases reaction time | ES: Lo aumenta",
    "option_d": "EN: It only affects steering | ES: Solo afecta el volante",
    "correct_option": "C"
  }
},
{
  "model": "quicktest.quicktestquestion",
  "pk": 3005,
  "fields": {
    "definition": 201,
    "text": "EN: Which statement about over-the-counter cold medicines is true?\nES: ?Cu?l afirmaci?n sobre medicamentos de venta libre para resfriado es verdadera?",
    "option_a": "EN: They are always safe for driving | ES: Siempre son seguros para manejar",
    "option_b": "EN: They can cause drowsiness and slow reaction | ES: Pueden causar sue?o y lentitud",
    "option_c": "EN: CDL drivers are exempt from their effects | ES: No afectan a conductores CDL",
    "option_d": "EN: They only affect elderly drivers | ES: Solo afectan a personas mayores",
    "correct_option": "B"
  }
},
{
  "model": "quicktest.quicktestquestion",
  "pk": 3006,
  "fields": {
    "definition": 201,
    "text": "EN: Which statement about drug use is true?\nES: ?Cu?l afirmaci?n sobre el uso de drogas es verdadera?",
    "option_a": "EN: Legal drugs never affect driving | ES: Las drogas legales nunca afectan la conducci?n",
    "option_b": "EN: Drug use can lead to accidents and arrest | ES: El uso de drogas puede causar accidentes y arrestos",
    "option_c": "EN: Only illegal drugs are tested | ES: Solo se examinan drogas ilegales",
    "option_d": "EN: Prescription drugs are always allowed | ES: Las recetadas siempre est?n permitidas",
    "correct_option": "B"
  }
},
{
  "model": "quicktest.quicktestquestion",
  "pk": 3007,
  "fields": {
    "definition": 201,
    "text": "EN: Why does a CDL driver have greater legal responsibility?\nES: ?Por qu? un conductor CDL tiene mayor responsabilidad legal?",
    "option_a": "EN: They drive more often | ES: Maneja con m?s frecuencia",
    "option_b": "EN: They operate heavier and more dangerous vehicles | ES: Opera veh?culos m?s grandes y peligrosos",
    "option_c": "EN: They receive higher pay | ES: Gana m?s dinero",
    "option_d": "EN: They drive longer distances | ES: Maneja distancias m?s largas",
    "correct_option": "B"
  }
},
{
  "model": "quicktest.quicktestquestion",
  "pk": 3008,
  "fields": {
    "definition": 201,
    "text": "EN: If you have been drinking alcohol, you should:\nES: Si has bebido alcohol, debes:",
    "option_a": "EN: Drink coffee | ES: Tomar caf?",
    "option_b": "EN: Drive slowly | ES: Manejar despacio",
    "option_c": "EN: Wait for it to wear off | ES: Esperar a que se pase",
    "option_d": "EN: Eat food | ES: Comer",
    "correct_option": "C"
  }
},
{
  "model": "quicktest.quicktestquestion",
  "pk": 3101,
  "fields": {
    "definition": 202,
    "text": "EN: Why is a pre-trip inspection important?\nES: ?Por qu? es importante la inspecci?n previa al viaje?",
    "option_a": "EN: To save fuel | ES: Para ahorrar combustible",
    "option_b": "EN: To find mechanical problems | ES: Para detectar problemas mec?nicos",
    "option_c": "EN: To improve driving speed | ES: Para aumentar la velocidad",
    "option_d": "EN: To avoid paperwork | ES: Para evitar papeleo",
    "correct_option": "B"
  }
},
{
  "model": "quicktest.quicktestquestion",
  "pk": 3102,
  "fields": {
    "definition": 202,
    "text": "EN: Who is responsible for the vehicle's condition?\nES: ?Qui?n es responsable del estado del veh?culo?",
    "option_a": "EN: The mechanic | ES: El mec?nico",
    "option_b": "EN: The company | ES: La empresa",
    "option_c": "EN: The driver | ES: El conductor",
    "option_d": "EN: The dispatcher | ES: El despachador",
    "correct_option": "C"
  }
},
{
  "model": "quicktest.quicktestquestion",
  "pk": 3103,
  "fields": {
    "definition": 202,
    "text": "EN: When should a pre-trip inspection be performed?\nES: ?Cu?ndo debe realizarse la inspecci?n previa?",
    "option_a": "EN: Once a week | ES: Una vez por semana",
    "option_b": "EN: Only after an accident | ES: Solo despu?s de un accidente",
    "option_c": "EN: Before each trip | ES: Antes de cada viaje",
    "option_d": "EN: Only in bad weather | ES: Solo en mal clima",
    "correct_option": "C"
  }
},
{
  "model": "quicktest.quicktestquestion",
  "pk": 3104,
  "fields": {
    "definition": 202,
    "text": "EN: What should be done if a defect is found?\nES: ?Qu? debe hacerse si se encuentra un defecto?",
    "option_a": "EN: Ignore it | ES: Ignorarlo",
    "option_b": "EN: Report and fix it | ES: Reportarlo y corregirlo",
    "option_c": "EN: Drive carefully | ES: Manejar con cuidado",
    "option_d": "EN: Note it later | ES: Anotarlo despu?s",
    "correct_option": "B"
  }
},
{
  "model": "quicktest.quicktestquestion",
  "pk": 3105,
  "fields": {
    "definition": 202,
    "text": "EN: Which system is critical during pre-trip inspection?\nES: ?Qu? sistema es cr?tico durante la inspecci?n previa?",
    "option_a": "EN: Sound system | ES: Sistema de sonido",
    "option_b": "EN: Brake system | ES: Sistema de frenos",
    "option_c": "EN: Air conditioning | ES: Aire acondicionado",
    "option_d": "EN: Radio | ES: Radio",
    "correct_option": "B"
  }
},
{
  "model": "quicktest.quicktestquestion",
  "pk": 3201,
  "fields": {
    "definition": 203,
    "text": "EN: What powers air brakes?\nES: ?Qu? acciona los frenos de aire?",
    "option_a": "EN: Hydraulic fluid | ES: Fluido hidr?ulico",
    "option_b": "EN: Compressed air | ES: Aire comprimido",
    "option_c": "EN: Electricity | ES: Electricidad",
    "option_d": "EN: Vacuum | ES: Vac?o",
    "correct_option": "B"
  }
},
{
  "model": "quicktest.quicktestquestion",
  "pk": 3202,
  "fields": {
    "definition": 203,
    "text": "EN: What is the normal operating air pressure?\nES: ?Cu?l es la presi?n normal de operaci?n?",
    "option_a": "EN: 50?70 PSI | ES: 50?70 PSI",
    "option_b": "EN: 80?90 PSI | ES: 80?90 PSI",
    "option_c": "EN: 100?125 PSI | ES: 100?125 PSI",
    "option_d": "EN: 140?160 PSI | ES: 140?160 PSI",
    "correct_option": "C"
  }
},
{
  "model": "quicktest.quicktestquestion",
  "pk": 3203,
  "fields": {
    "definition": 203,
    "text": "EN: When does the low air pressure warning activate?\nES: ?Cu?ndo se activa la advertencia de baja presi?n?",
    "option_a": "EN: Around 90 PSI | ES: Alrededor de 90 PSI",
    "option_b": "EN: Around 60 PSI | ES: Alrededor de 60 PSI",
    "option_c": "EN: Around 40 PSI | ES: Alrededor de 40 PSI",
    "option_d": "EN: Around 20 PSI | ES: Alrededor de 20 PSI",
    "correct_option": "B"
  }
},
{
  "model": "quicktest.quicktestquestion",
  "pk": 3204,
  "fields": {
    "definition": 203,
    "text": "EN: What happens if air pressure gets too low?\nES: ?Qu? sucede si la presi?n baja demasiado?",
    "option_a": "EN: Brakes work better | ES: Frenan mejor",
    "option_b": "EN: Nothing happens | ES: No pasa nada",
    "option_c": "EN: Emergency brakes apply | ES: Se activan los frenos de emergencia",
    "option_d": "EN: Engine shuts off | ES: El motor se apaga",
    "correct_option": "C"
  }
},
{
  "model": "quicktest.quicktestquestion",
  "pk": 3205,
  "fields": {
    "definition": 203,
    "text": "EN: Why must air brake tests be performed?\nES: ?Por qu? deben realizarse pruebas de frenos de aire?",
    "option_a": "EN: For comfort | ES: Por comodidad",
    "option_b": "EN: To meet CDL requirements | ES: Para cumplir requisitos CDL",
    "option_c": "EN: To save fuel | ES: Para ahorrar combustible",
    "option_d": "EN: To increase speed | ES: Para aumentar velocidad",
    "correct_option": "B"
  }
},
{
  "model": "quicktest.quicktestquestion",
  "pk": 3301,
  "fields": {
    "definition": 204,
    "text": "EN: What is a combination vehicle?\nES: ?Qu? es un veh?culo combinado?",
    "option_a": "EN: A single vehicle with no trailer | ES: Un solo veh?culo sin remolque",
    "option_b": "EN: A tractor and one or more trailers | ES: Un tractor y uno o m?s remolques",
    "option_c": "EN: A motorcycle with a sidecar | ES: Una moto con sidecar",
    "option_d": "EN: A car with roof rack | ES: Un carro con baca",
    "correct_option": "B"
  }
},
{
  "model": "quicktest.quicktestquestion",
  "pk": 3302,
  "fields": {
    "definition": 204,
    "text": "EN: Why is weight distribution important?\nES: ?Por qu? es importante la distribuci?n de peso?",
    "option_a": "EN: It improves radio signal | ES: Mejora la se?al de radio",
    "option_b": "EN: It prevents loss of traction and trailer swing | ES: Evita p?rdida de tracci?n y balanceo",
    "option_c": "EN: It makes the truck faster | ES: Hace el cami?n m?s r?pido",
    "option_d": "EN: It reduces mirror size | ES: Reduce el tama?o de espejos",
    "correct_option": "B"
  }
},
{
  "model": "quicktest.quicktestquestion",
  "pk": 3303,
  "fields": {
    "definition": 204,
    "text": "EN: What is a pull test used for?\nES: ?Para qu? se usa la prueba de tir?n (pull test)?",
    "option_a": "EN: To check if the fifth wheel is locked | ES: Para verificar que la quinta rueda est? asegurada",
    "option_b": "EN: To test the horn volume | ES: Para probar el claxon",
    "option_c": "EN: To warm up tires | ES: Para calentar neum?ticos",
    "option_d": "EN: To check fuel quality | ES: Para revisar calidad del combustible",
    "correct_option": "A"
  }
},
{
  "model": "quicktest.quicktestquestion",
  "pk": 3304,
  "fields": {
    "definition": 204,
    "text": "EN: What is a common coupling mistake?\nES: ?Cu?l es un error com?n al acoplar?",
    "option_a": "EN: Checking the lock jaws visually | ES: Revisar visualmente el cierre",
    "option_b": "EN: Connecting air lines | ES: Conectar l?neas de aire",
    "option_c": "EN: Incomplete coupling | ES: Acoplamiento incompleto",
    "option_d": "EN: Performing a pull test | ES: Hacer prueba de tir?n",
    "correct_option": "C"
  }
},
{
  "model": "quicktest.quicktestquestion",
  "pk": 3305,
  "fields": {
    "definition": 204,
    "text": "EN: Why do combination vehicles need more stopping distance?\nES: ?Por qu? los veh?culos combinados necesitan m?s distancia de frenado?",
    "option_a": "EN: They are heavier and longer | ES: Son m?s pesados y largos",
    "option_b": "EN: They have smaller brakes | ES: Tienen frenos m?s peque?os",
    "option_c": "EN: They drive slower | ES: Manejan m?s lento",
    "option_d": "EN: They have fewer tires | ES: Tienen menos llantas",
    "correct_option": "A"
  }
},
{
  "model": "quicktest.quicktestquestion",
  "pk": 3401,
  "fields": {
    "definition": 205,
    "text": "EN: What is defensive driving?\nES: ?Qu? es conducci?n defensiva?",
    "option_a": "EN: Driving as fast as possible | ES: Manejar lo m?s r?pido posible",
    "option_b": "EN: Anticipating hazards and reducing risk | ES: Anticipar peligros y reducir riesgos",
    "option_c": "EN: Honking to warn others | ES: Tocar bocina para advertir",
    "option_d": "EN: Following closely | ES: Manejar pegado",
    "correct_option": "B"
  }
},
{
  "model": "quicktest.quicktestquestion",
  "pk": 3402,
  "fields": {
    "definition": 205,
    "text": "EN: Why do CMVs need more following distance?\nES: ?Por qu? los veh?culos comerciales necesitan m?s distancia?",
    "option_a": "EN: They are lighter | ES: Son m?s livianos",
    "option_b": "EN: They require longer stopping distance | ES: Requieren m?s distancia para frenar",
    "option_c": "EN: They have better brakes always | ES: Siempre tienen mejores frenos",
    "option_d": "EN: They stop instantly | ES: Se detienen instant?neamente",
    "correct_option": "B"
  }
},
{
  "model": "quicktest.quicktestquestion",
  "pk": 3403,
  "fields": {
    "definition": 205,
    "text": "EN: What should you do at night?\nES: ?Qu? debes hacer al conducir de noche?",
    "option_a": "EN: Increase speed | ES: Aumentar velocidad",
    "option_b": "EN: Reduce speed and increase following distance | ES: Reducir velocidad y aumentar distancia",
    "option_c": "EN: Turn off lights | ES: Apagar luces",
    "option_d": "EN: Follow closer to see better | ES: Ir m?s cerca para ver mejor",
    "correct_option": "B"
  }
},
{
  "model": "quicktest.quicktestquestion",
  "pk": 3404,
  "fields": {
    "definition": 205,
    "text": "EN: What is a key rule for managing space?\nES: ?Cu?l es una regla clave para manejar el espacio?",
    "option_a": "EN: Stay in other drivers' blind spots | ES: Mantenerse en puntos ciegos",
    "option_b": "EN: Keep an escape route | ES: Mantener una ruta de escape",
    "option_c": "EN: Tailgate to save time | ES: Pegarse para ahorrar tiempo",
    "option_d": "EN: Use high beams always | ES: Usar luces altas siempre",
    "correct_option": "B"
  }
},
{
  "model": "quicktest.quicktestquestion",
  "pk": 3405,
  "fields": {
    "definition": 205,
    "text": "EN: If you feel fatigued, you should:\nES: Si te sientes cansado, debes:",
    "option_a": "EN: Keep driving | ES: Seguir manejando",
    "option_b": "EN: Stop and rest | ES: Detenerte y descansar",
    "option_c": "EN: Turn up music | ES: Subir m?sica",
    "option_d": "EN: Drive faster to finish | ES: Manejar m?s r?pido para terminar",
    "correct_option": "B"
  }
},
{
  "model": "quicktest.quicktestquestion",
  "pk": 3501,
  "fields": {
    "definition": 206,
    "text": "EN: Why is proper cargo distribution important?\nES: ?Por qu? es importante la correcta distribuci?n de la carga?",
    "option_a": "EN: To increase speed | ES: Para aumentar la velocidad",
    "option_b": "EN: To maintain vehicle stability | ES: Para mantener la estabilidad del veh?culo",
    "option_c": "EN: To reduce paperwork | ES: Para reducir papeleo",
    "option_d": "EN: To improve fuel taste | ES: Para mejorar el combustible",
    "correct_option": "B"
  }
},
{
  "model": "quicktest.quicktestquestion",
  "pk": 3502,
  "fields": {
    "definition": 206,
    "text": "EN: Who is responsible for securing the cargo?\nES: ?Qui?n es responsable de asegurar la carga?",
    "option_a": "EN: The shipper | ES: El remitente",
    "option_b": "EN: The driver | ES: El conductor",
    "option_c": "EN: The mechanic | ES: El mec?nico",
    "option_d": "EN: The dispatcher | ES: El despachador",
    "correct_option": "B"
  }
},
{
  "model": "quicktest.quicktestquestion",
  "pk": 3503,
  "fields": {
    "definition": 206,
    "text": "EN: When should cargo be inspected during a trip?\nES: ?Cu?ndo debe inspeccionarse la carga durante el viaje?",
    "option_a": "EN: Only at destination | ES: Solo al llegar",
    "option_b": "EN: After first 50 miles and periodically | ES: Despu?s de 50 millas y peri?dicamente",
    "option_c": "EN: Only before departure | ES: Solo antes de salir",
    "option_d": "EN: Only if it shifts | ES: Solo si se mueve",
    "correct_option": "B"
  }
},
{
  "model": "quicktest.quicktestquestion",
  "pk": 3504,
  "fields": {
    "definition": 206,
    "text": "EN: What can happen if cargo is not secured?\nES: ?Qu? puede pasar si la carga no est? asegurada?",
    "option_a": "EN: Better fuel economy | ES: Mejor consumo",
    "option_b": "EN: Loss of control or rollover | ES: P?rdida de control o volcadura",
    "option_c": "EN: Faster delivery | ES: Entrega m?s r?pida",
    "option_d": "EN: Less braking | ES: Menos frenado",
    "correct_option": "B"
  }
},
{
  "model": "quicktest.quicktestquestion",
  "pk": 3505,
  "fields": {
    "definition": 206,
    "text": "EN: How often should cargo be checked?\nES: ?Con qu? frecuencia debe revisarse la carga?",
    "option_a": "EN: Every 10 miles | ES: Cada 10 millas",
    "option_b": "EN: After first 50 miles and every 150 miles or 3 hours | ES: A las 50 millas y cada 150 millas o 3 horas",
    "option_c": "EN: Only once per day | ES: Una vez al d?a",
    "option_d": "EN: Never if secured | ES: Nunca si est? asegurada",
    "correct_option": "B"
  }
},
{
  "model": "quicktest.quicktestquestion",
  "pk": 3601,
  "fields": {
    "definition": 207,
    "text": "EN: What is the first priority in an emergency?\nES: ?Cu?l es la primera prioridad en una emergencia?",
    "option_a": "EN: Finish delivery | ES: Terminar la entrega",
    "option_b": "EN: Safety and control | ES: Seguridad y control",
    "option_c": "EN: Call your dispatcher first | ES: Llamar al despachador primero",
    "option_d": "EN: Speed up | ES: Acelerar",
    "correct_option": "B"
  }
},
{
  "model": "quicktest.quicktestquestion",
  "pk": 3602,
  "fields": {
    "definition": 207,
    "text": "EN: During a tire blowout, you should:\nES: Durante un revent?n de neum?tico, debes:",
    "option_a": "EN: Brake hard immediately | ES: Frenar fuerte inmediatamente",
    "option_b": "EN: Hold the wheel firmly and slow down gradually | ES: Sujetar el volante y reducir gradualmente",
    "option_c": "EN: Turn sharply to the shoulder | ES: Girar bruscamente a la orilla",
    "option_d": "EN: Turn off the engine | ES: Apagar el motor",
    "correct_option": "B"
  }
},
{
  "model": "quicktest.quicktestquestion",
  "pk": 3603,
  "fields": {
    "definition": 207,
    "text": "EN: After an accident, you should:\nES: Despu?s de un accidente, debes:",
    "option_a": "EN: Leave the scene | ES: Irte del lugar",
    "option_b": "EN: Protect the scene and prevent another crash | ES: Proteger la escena y evitar otro choque",
    "option_c": "EN: Move injured people immediately | ES: Mover heridos de inmediato",
    "option_d": "EN: Keep driving if the truck runs | ES: Seguir si el cami?n prende",
    "correct_option": "B"
  }
},
{
  "model": "quicktest.quicktestquestion",
  "pk": 3604,
  "fields": {
    "definition": 207,
    "text": "EN: What should you use to warn other drivers after stopping?\nES: ?Qu? debes usar para advertir a otros conductores despu?s de detenerte?",
    "option_a": "EN: Music | ES: M?sica",
    "option_b": "EN: Warning devices (triangles/reflectors) | ES: Dispositivos de advertencia (tri?ngulos/reflectores)",
    "option_c": "EN: High speed | ES: Alta velocidad",
    "option_d": "EN: Headlights off | ES: Luces apagadas",
    "correct_option": "B"
  }
},
{
  "model": "quicktest.quicktestquestion",
  "pk": 3605,
  "fields": {
    "definition": 207,
    "text": "EN: Injured people should be moved only if:\nES: Los heridos deben moverse solo si:",
    "option_a": "EN: They ask to move | ES: Piden moverse",
    "option_b": "EN: There is immediate danger | ES: Hay peligro inmediato",
    "option_c": "EN: Traffic is slow | ES: El tr?fico est? lento",
    "option_d": "EN: Your dispatcher says so | ES: Lo dice el despachador",
    "correct_option": "B"
  }
},
{
  "model": "quicktest.quicktestquestion",
  "pk": 3701,
  "fields": {
    "definition": 208,
    "text": "EN: What are hazardous materials (HazMat)?\nES: ?Qu? son materiales peligrosos (HazMat)?",
    "option_a": "EN: Any cargo in boxes | ES: Cualquier carga en cajas",
    "option_b": "EN: Substances that can pose a risk to health/safety/environment | ES: Sustancias que pueden representar riesgo a salud/seguridad/ambiente",
    "option_c": "EN: Only food products | ES: Solo productos de comida",
    "option_d": "EN: Only liquids | ES: Solo l?quidos",
    "correct_option": "B"
  }
},
{
  "model": "quicktest.quicktestquestion",
  "pk": 3702,
  "fields": {
    "definition": 208,
    "text": "EN: What is the purpose of placards?\nES: ?Cu?l es el prop?sito de los placards (r?tulos)?",
    "option_a": "EN: To decorate the trailer | ES: Decorar el remolque",
    "option_b": "EN: To warn others about HazMat type | ES: Advertir sobre el tipo de material peligroso",
    "option_c": "EN: To show fuel level | ES: Mostrar nivel de combustible",
    "option_d": "EN: To reduce braking distance | ES: Reducir distancia de frenado",
    "correct_option": "B"
  }
},
{
  "model": "quicktest.quicktestquestion",
  "pk": 3703,
  "fields": {
    "definition": 208,
    "text": "EN: What should a driver verify before transporting HazMat?\nES: ?Qu? debe verificar un conductor antes de transportar HazMat?",
    "option_a": "EN: Only tire pressure | ES: Solo presi?n de llantas",
    "option_b": "EN: Shipping papers and correct placards | ES: Papeles de env?o y r?tulos correctos",
    "option_c": "EN: Radio station | ES: Estaci?n de radio",
    "option_d": "EN: Seat color | ES: Color del asiento",
    "correct_option": "B"
  }
},
{
  "model": "quicktest.quicktestquestion",
  "pk": 3704,
  "fields": {
    "definition": 208,
    "text": "EN: Which is a driver responsibility for HazMat?\nES: ?Cu?l es una responsabilidad del conductor en HazMat?",
    "option_a": "EN: Ignore route restrictions | ES: Ignorar restricciones de ruta",
    "option_b": "EN: Know routes and restrictions | ES: Conocer rutas y restricciones",
    "option_c": "EN: Smoke near cargo | ES: Fumar cerca de la carga",
    "option_d": "EN: Skip inspections | ES: Saltarse inspecciones",
    "correct_option": "B"
  }
},
{
  "model": "quicktest.quicktestquestion",
  "pk": 3705,
  "fields": {
    "definition": 208,
    "text": "EN: In a HazMat incident, you should first:\nES: En un incidente HazMat, primero debes:",
    "option_a": "EN: Leave without reporting | ES: Irte sin reportar",
    "option_b": "EN: Protect the scene and notify authorities | ES: Proteger la escena y notificar a autoridades",
    "option_c": "EN: Wash the spill with water | ES: Lavar el derrame con agua",
    "option_d": "EN: Keep driving | ES: Seguir manejando",
    "correct_option": "B"
  }
},
{
  "model": "enrollments.enrollment",
  "pk": 90,
  "fields": {
    "user": 71,
    "course": 9,
    "enrolled_at": "2026-01-18T18:56:30.594Z",
    "progress": "33.33",
    "completed": false,
    "status": "active"
  }
},
{
  "model": "enrollments.lessoncompletion",
  "pk": 289,
  "fields": {
    "enrollment": 90,
    "lesson": 26,
    "completed_at": "2026-02-15T13:23:15.032Z"
  }
},
{
  "model": "enrollments.lessoncompletion",
  "pk": 290,
  "fields": {
    "enrollment": 90,
    "lesson": 27,
    "completed_at": "2026-02-15T13:23:20.886Z"
  }
},
{
  "model": "enrollments.lessoncompletion",
  "pk": 291,
  "fields": {
    "enrollment": 90,
    "lesson": 28,
    "completed_at": "2026-02-15T13:23:25.165Z"
  }
},
{
  "model": "certifications.certificate",
  "pk": 1,
  "fields": {
    "uuid": "6e09f023-64e9-4f96-be6e-9331386731bf",
    "public_uuid": "6e09f023-64e9-4f96-be6e-9331386731bf",
    "user": 71,
    "course": 9,
    "pending": false,
    "cert_no": "LBCC-2026-000001",
    "certificate_number": "LBCC-2026-000001",
    "issued_date": "2026-01-11",
    "created_at": "2026-02-15T22:21:34.599Z"
  }
},
{
  "model": "authentication.profiles",
  "pk": 10,
  "fields": {
    "user": 71,
    "genero": "M",
    "fecha_nacimiento": "1985-04-03",
    "telefono": "9172135087",
    "numero_identidad": "018006249",
    "profesion": "Web Developer",
    "roll": "Director de Tecnolog?a",
    "imagen": "profiles/default.jpg",
    "direccion": null,
    "old_cart": ""
  }
},
{
  "model": "authentication.students",
  "pk": 18,
  "fields": {
    "user": 71,
    "cedula": null,
    "telefono": null,
    "regional": null,
    "por_distrito": false,
    "distrito_educativo": null,
    "genero": null,
    "fecha_nacimiento": null,
    "cargo": null,
    "certification": "",
    "institucion_laboral": null,
    "pendiente": true
  }
},
{
  "model": "address.address",
  "pk": 4,
  "fields": {
    "user": 71,
    "address_type": "residencial",
    "street": "35 Karen Drive",
    "neighborhood": "Wallkill",
    "city": null,
    "state": null,
    "zip_code": null
  }
},
{
  "model": "formbuilder.formdefinition",
  "pk": 4,
  "fields": {
    "name": "Evidencias trimestrales sobre la implementaci?n del proyecto \"La educacion temprana sobre el Uso del Tabaco, Alcohol y otras Drogas, previene que nuestros j?venes no se enfermen Bio-psicosocial\".",
    "description": "<p><strong>Objetivo/Raz?n/Motivo</strong></p><p>&nbsp;Medir el impacto de la implementaci?n de los talleres sobre prevenci?n de Tabaco, Alcohol y otras Drogas, en adolescentes, de centros educativos de la regional de educacion 07.</p>",
    "created_at": "2025-12-25T03:42:07.572Z",
    "image": "",
    "image_left": "media/form_images/LogoEducacion2020_pfai5l",
    "image_right": "media/form_images/msplogo3_s3ztan"
  }
},
{
  "model": "formbuilder.formfield",
  "pk": 15,
  "fields": {
    "form": 4,
    "label": "Centro Educativo",
    "name": "centro_educativo",
    "field_type": "char",
    "required": true,
    "choices": null,
    "order": 1
  }
},
{
  "model": "formbuilder.formfield",
  "pk": 16,
  "fields": {
    "form": 4,
    "label": "Responsables",
    "name": "responsables",
    "field_type": "char",
    "required": true,
    "choices": null,
    "order": 2
  }
},
{
  "model": "formbuilder.formfield",
  "pk": 17,
  "fields": {
    "form": 4,
    "label": "Fechas",
    "name": "fechas",
    "field_type": "char",
    "required": true,
    "choices": null,
    "order": 3
  }
},
{
  "model": "formbuilder.formfield",
  "pk": 18,
  "fields": {
    "form": 4,
    "label": "Temas impartidos",
    "name": "temas_impartidos",
    "field_type": "text",
    "required": false,
    "choices": null,
    "order": 4
  }
},
{
  "model": "formbuilder.formfield",
  "pk": 19,
  "fields": {
    "form": 4,
    "label": "Objetivo/Raz?n/Motivo",
    "name": "objetivo_razon_motivo",
    "field_type": "text",
    "required": false,
    "choices": null,
    "order": 5
  }
},
{
  "model": "formbuilder.formfield",
  "pk": 20,
  "fields": {
    "form": 4,
    "label": "Como realizo la multiplicaci?n (metodolog?a)",
    "name": "metodologia",
    "field_type": "text",
    "required": false,
    "choices": null,
    "order": 6
  }
},
{
  "model": "formbuilder.formfield",
  "pk": 21,
  "fields": {
    "form": 4,
    "label": "Puntos destacados del proceso (ver la experiencia)",
    "name": "puntos_destacados",
    "field_type": "text",
    "required": false,
    "choices": null,
    "order": 7
  }
},
{
  "model": "formbuilder.formfield",
  "pk": 22,
  "fields": {
    "form": 4,
    "label": "Principales incidencias (Observaciones)",
    "name": "principales_incidencias",
    "field_type": "text",
    "required": false,
    "choices": null,
    "order": 8
  }
},
{
  "model": "formbuilder.formfield",
  "pk": 23,
  "fields": {
    "form": 4,
    "label": "Personas impactas, Femenino",
    "name": "personas_impactadas_femenino",
    "field_type": "integer",
    "required": false,
    "choices": null,
    "order": 9
  }
},
{
  "model": "formbuilder.formfield",
  "pk": 24,
  "fields": {
    "form": 4,
    "label": "Personas impactas, Masculino",
    "name": "personas_impactadas_masculino",
    "field_type": "integer",
    "required": false,
    "choices": null,
    "order": 10
  }
},
{
  "model": "formbuilder.formfield",
  "pk": 25,
  "fields": {
    "form": 4,
    "label": "Personas impactas, Edades",
    "name": "personas_impactadas_edades",
    "field_type": "char",
    "required": false,
    "choices": null,
    "order": 11
  }
},
{
  "model": "formbuilder.formfield",
  "pk": 26,
  "fields": {
    "form": 4,
    "label": "Impacto antes: Decepci?n Escolar",
    "name": "impacto_antes_decepcion_escolar",
    "field_type": "integer",
    "required": false,
    "choices": null,
    "order": 12
  }
},
{
  "model": "formbuilder.formfield",
  "pk": 27,
  "fields": {
    "form": 4,
    "label": "Impacto antes: Conflicto familiar",
    "name": "impacto_antes_conflicto_familiar",
    "field_type": "integer",
    "required": false,
    "choices": null,
    "order": 13
  }
},
{
  "model": "formbuilder.formfield",
  "pk": 28,
  "fields": {
    "form": 4,
    "label": "Impacto antes: Hogares disfuncionales",
    "name": "impacto_antes_hogares_disfuncionales",
    "field_type": "integer",
    "required": false,
    "choices": null,
    "order": 14
  }
},
{
  "model": "formbuilder.formfield",
  "pk": 29,
  "fields": {
    "form": 4,
    "label": "Impacto antes: Problemas de salud (inducida)",
    "name": "impacto_antes_problemas_salud",
    "field_type": "integer",
    "required": false,
    "choices": null,
    "order": 15
  }
},
{
  "model": "formbuilder.formfield",
  "pk": 30,
  "fields": {
    "form": 4,
    "label": "Impacto antes: Problemas mentales (inducida)",
    "name": "impacto_antes_problemas_mentales",
    "field_type": "integer",
    "required": false,
    "choices": null,
    "order": 16
  }
},
{
  "model": "formbuilder.formfield",
  "pk": 31,
  "fields": {
    "form": 4,
    "label": "Impacto positivo a ra?z de la implementaci?n del proyecto: A nivel escolar",
    "name": "impacto_positivo_nivel_escolar",
    "field_type": "text",
    "required": false,
    "choices": null,
    "order": 17
  }
},
{
  "model": "formbuilder.formfield",
  "pk": 32,
  "fields": {
    "form": 4,
    "label": "Impacto positivo a ra?z de la implementaci?n del proyecto: A nivel familiar",
    "name": "impacto_positivo_nivel_familiar",
    "field_type": "text",
    "required": false,
    "choices": null,
    "order": 18
  }
},
{
  "model": "formbuilder.formfield",
  "pk": 33,
  "fields": {
    "form": 4,
    "label": "Impacto positivo a ra?z de la implementaci?n del proyecto: Social",
    "name": "impacto_positivo_social",
    "field_type": "text",
    "required": false,
    "choices": null,
    "order": 19
  }
},
{
  "model": "formbuilder.formfield",
  "pk": 34,
  "fields": {
    "form": 4,
    "label": "Mejora en la decepci?n escolar",
    "name": "mejora_decepcion_escolar",
    "field_type": "text",
    "required": false,
    "choices": null,
    "order": 20
  }
},
{
  "model": "formbuilder.formfield",
  "pk": 35,
  "fields": {
    "form": 4,
    "label": "Anexos (fotos, videos, listados y otros)",
    "name": "anexos",
    "field_type": "files",
    "required": false,
    "choices": null,
    "order": 21
  }
},
{
  "model": "formbuilder.completedform",
  "pk": 8,
  "fields": {
    "user": 71,
    "form": 4,
    "form_name": "Evidencias trimestrales sobre la implementaci?n del proyecto \"La educacion temprana sobre el Uso del Tabaco, Alcohol y otras Drogas, previene que nuestros j?venes no se enfermen Bio-psicosocial\".",
    "titulo": "",
    "descripcion": "<p><strong>Objetivo/Raz?n/Motivo</strong></p><p>&nbsp;Medir el impacto de la implementaci?n de los talleres sobre prevenci?n de Tabaco, Alcohol y otras Drogas, en adolescentes, de centros educativos de la regional de educacion 07.</p>",
    "form_data": {
      "centro_educativo": "Cristo Rey",
      "responsables": "Luis Pena",
      "fechas": "04/03/2026",
      "temas_impartidos": "lk;jkljljkljkjh",
      "objetivo_razon_motivo": "<p><strong>Objetivo/Raz?n/Motivo</strong></p><p>&nbsp;Medir el impacto de la implementaci?n de los talleres sobre prevenci?n de Tabaco, Alcohol y otras Drogas, en adolescentes, de centros educativos de la regional de educacion 07.</p>",
      "metodologia": "lkjlkj'lkjl",
      "puntos_destacados": "kljkljlj",
      "principales_incidencias": "lkjkljkl",
      "personas_impactadas_femenino": 2131,
      "personas_impactadas_masculino": 23131,
      "personas_impactadas_edades": "231231",
      "impacto_antes_decepcion_escolar": 2123,
      "impacto_antes_conflicto_familiar": 23132,
      "impacto_antes_hogares_disfuncionales": 32132,
      "impacto_antes_problemas_salud": 231231,
      "impacto_antes_problemas_mentales": 321231,
      "impacto_positivo_nivel_escolar": "32132132",
      "impacto_positivo_nivel_familiar": "321231231",
      "impacto_positivo_social": "",
      "mejora_decepcion_escolar": "",
      "anexos": [
        "https://res.cloudinary.com/dboaykaiy/image/upload/v1/media/form_uploads/evidencias-trimestrales-sobre-la-implementacion-del-proyecto/71/anexos/WhatsApp_Image_2025-12-28_at_7.16.35_PM_oqiaaz"
      ]
    },
    "distrito": null,
    "address": null,
    "submitted_at": "2026-01-16T12:18:39.178Z"
  }
},
{
  "model": "shop.category",
  "pk": 1,
  "fields": {
    "name": "Libros Digitales",
    "description": "Todos los libros digitales",
    "slug": "libros-digitales"
  }
},
{
  "model": "shop.product",
  "pk": 1,
  "fields": {
    "name": "Manual de Adiestramiento y Capacitacion de Personal Escolar en el area de Prevencion e investigacion, control uso de Alcohol y otras Drogas",
    "description": "<p>Este manual est&aacute; dise&ntilde;ado como una herramienta pr&aacute;ctica y formativa para el adiestramiento y la capacitaci&oacute;n del personal escolar en temas clave relacionados con la prevenci&oacute;n, investigaci&oacute;n y control del uso de alcohol y otras drogas en entornos educativos. Su contenido ofrece estrategias, procedimientos y recursos orientados a fortalecer el papel del personal docente y administrativo en la creaci&oacute;n de ambientes escolares seguros, saludables y libres de sustancias nocivas. Adem&aacute;s, promueve una cultura de intervenci&oacute;n temprana, apoyo institucional y responsabilidad compartida frente a esta problem&aacute;tica.</p>",
    "price": "8.99",
    "stock": 100,
    "category": 1,
    "image": "media/products/Lbcc_manual_ysaah1",
    "created_at": "2025-06-08T21:47:57.546Z",
    "updated_at": "2025-06-08T21:48:10.930Z",
    "is_sale": true
  }
},
{
  "model": "gallery.image",
  "pk": 1,
  "fields": {
    "name": "Actividades TOAD 1",
    "description": "Esta son las fotos de las actividades",
    "image_file": "media/gallery/WhatsApp_Image_2024-11-08_at_1.08.23_PM_5_r010x1",
    "thumbnail": "",
    "created_at": "2025-11-07T05:27:35.589Z",
    "forcarousel": true
  }
},
{
  "model": "gallery.image",
  "pk": 2,
  "fields": {
    "name": "Activades TOAD I",
    "description": "Otras actividad de TOAD 1",
    "image_file": "media/gallery/WhatsApp_Image_2024-11-08_at_1.08.23_PM_4_isgzmi",
    "thumbnail": "",
    "created_at": "2025-11-07T05:36:15.916Z",
    "forcarousel": true
  }
},
{
  "model": "gallery.image",
  "pk": 3,
  "fields": {
    "name": "Quienes Somos",
    "description": "",
    "image_file": "media/gallery/WhatsApp_Image_2024-11-08_at_1.08.17_PM_d50oci",
    "thumbnail": "",
    "created_at": "2025-11-10T03:47:37.429Z",
    "forcarousel": true
  }
},
{
  "model": "groups.invitation",
  "pk": 1,
  "fields": {
    "token": "23f32813-4775-4128-b0c6-9b181e64a6cf",
    "email": "livingbetter08@gmail.com",
    "group": 7,
    "created_by": 71,
    "created_at": "2026-01-05T15:48:16.955Z",
    "expires_at": "2026-01-12T15:48:16.955Z",
    "accepted_by": null,
    "used_at": null
  }
},
{
  "model": "groups.invitation",
  "pk": 2,
  "fields": {
    "token": "2341a9d8-926e-493a-800b-68a31d132680",
    "email": "livingbetter08@gmail.com",
    "group": 7,
    "created_by": 71,
    "created_at": "2026-01-05T15:48:20.110Z",
    "expires_at": "2026-01-12T15:48:20.109Z",
    "accepted_by": null,
    "used_at": null
  }
},
{
  "model": "contents.contentcategory",
  "pk": 2,
  "fields": {
    "name": "Home",
    "slug": "home",
    "description": "Todo los contenido del home"
  }
},
{
  "model": "contents.contentcategory",
  "pk": 3,
  "fields": {
    "name": "Quienes Somos",
    "slug": "quienes_somos",
    "description": "Aqui se mostrara todo los contenido de quienes somos"
  }
},
{
  "model": "contents.contentpost",
  "pk": 1,
  "fields": {
    "title": "Preparaci?n de Psicolgos y Orientadores del Ministerio de Educaci?n, como Facilitadores sobre Prevenci?n del uso de Tabaco, Alcohol y Otras drogas y las Enfermedades Inducidas bio-psicosocial,para que",
    "slug": "toad",
    "content": "<p>Preparaci&oacute;n de Psicolgos y Orientadores del Ministerio de Educaci&oacute;n, como Facilitadores sobre Prevenci&oacute;n del uso de Tabaco, Alcohol y Otras drogas y las Enfermedades Inducidas bio-psicosocial,para que</p>\r\n\r\n<p>&nbsp;</p>\r\n\r\n<p>Esta actividad estuvo dirigida a la capacitaci&oacute;n de psic&oacute;logos y orientadores del Ministerio de Educaci&oacute;n, con el prop&oacute;sito de fortalecer sus competencias como facilitadores en la prevenci&oacute;n del consumo de tabaco, alcohol y otras sustancias psicoactivas. Durante la jornada se abordaron las consecuencias bio-psicosociales asociadas al uso de estas sustancias, as&iacute; como estrategias educativas y de intervenci&oacute;n temprana. El objetivo principal fue proporcionar las herramientas necesarias para que los participantes puedan transmitir estos conocimientos de forma efectiva a estudiantes de nivel primario y secundario, fomentando ambientes escolares saludables y promoviendo estilos de vida libres de adicciones.</p>",
    "section": 1,
    "category": 2,
    "author": null,
    "cover_image": "",
    "thumbnail": "",
    "use_thumbnail_as_cover": false,
    "tags": "",
    "status": "published",
    "created_at": "2025-11-05T03:25:47.961Z",
    "updated_at": "2025-11-07T07:11:31.571Z"
  }
},
{
  "model": "contents.contentpost",
  "pk": 2,
  "fields": {
    "title": "Nuestra Misi?n",
    "slug": "nuestra_mision",
    "content": "<p>Viviendo Mejor (Living Better Community Center) es una organizaci&oacute;n sin fines de lucro orientada a servir las necesidades de los individuos y las familias en nuestros entornos urbanos y rurales. Existimos para capacitar a nuestras comunidades y a los menos afortunados a trav&eacute;s de usar el conocimiento para prevenir y dar un apoyo que ayuda a nuestra sociedad. Utilizamos talleres y seminarios enfocados en estilos de vida saludable, prevenci&oacute;n en temas en torno al VIH/SIDA, abuso de alcohol y drogas, prevenci&oacute;n e intervenci&oacute;n de participaci&oacute;n en la sub-cultura de pandillas. Otros temas de educaci&oacute;n incluyen las preocupaciones alarmantes sobre diabetes, presi&oacute;n arterial alta, etc.</p>\r\n\r\n<p>&nbsp;</p>\r\n\r\n<p>En Viviendo Mejor (Living Better Community Center) trabajamos hacia el logro de nuestra misi&oacute;n al asumir un rol de liderazgo en la construcci&oacute;n de bases hacia un futuro m&aacute;s seguro y m&aacute;s saludable. Abogamos por nuestras familias, ofrecemos el enriquecimiento de las experiencias con la utilizaci&oacute;n de nuestros recursos para apoyar y reforzar los resultados de una manera significativa y positiva que brinde mayores beneficios a la comunidad.</p>\r\n\r\n<p>&nbsp;</p>\r\n\r\n<p>Una de las caracter&iacute;sticas m&aacute;s prometedoras de nuestra organizaci&oacute;n es integrar arte y teatro como componentes de educaci&oacute;n presentados por profesionales de las bellas artes. Actividades de desarrollo personal tambi&eacute;n est&aacute;n disponibles para nuestra juventud. Nuestro sistema de talleres, seminarios, red de apoyo social y de refuerzo familiar representa una forma m&aacute;s completa de servicios integral, donde estos servicios est&aacute;n desarrollados y presentados primordialmente por l&iacute;deres y profesionales acreditados que son parte de nuestro programa. Ofrecemos referencias fiables con los proveedores de servicio apropiados.</p>",
    "section": 2,
    "category": 2,
    "author": null,
    "cover_image": "media/gallery/cover_images/WhatsApp_Image_2024-11-08_at_1.08.21_PM_3_a2wixu",
    "thumbnail": "",
    "use_thumbnail_as_cover": false,
    "tags": "",
    "status": "published",
    "created_at": "2025-11-05T14:05:15.052Z",
    "updated_at": "2025-11-07T06:21:05.654Z"
  }
},
{
  "model": "contents.contentpost",
  "pk": 3,
  "fields": {
    "title": "Nuestra Visi?n",
    "slug": "Nuestra_Vision",
    "content": "<p>Viviendo Mejor (Living Better Community Center) proporcionar&aacute; una serie de servicios orientados a mejorar la calidad de vida de las familias y las comunidades a las que servimos. El continuo, compuesto por una amplia gama de servicios provistos de manera afable, fluida, que se ofrece a las familias con el grado m&aacute;s completo y mayor medida. Calidad, costo, necesidad, accesibilidad y facilidad de entrega son los par&aacute;metros que dan forma a todos nuestros servicios prestados. A trav&eacute;s de la evaluaci&oacute;n constante utilizando resultados medibles, podremos asegurar la calidad de vida y la satisfacci&oacute;n de seguir mejorando las familias.</p>",
    "section": 2,
    "category": 2,
    "author": null,
    "cover_image": "media/gallery/cover_images/WhatsApp_Image_2024-11-08_at_1.08.21_PM_1_wkkqnz",
    "thumbnail": "",
    "use_thumbnail_as_cover": false,
    "tags": "",
    "status": "published",
    "created_at": "2025-11-05T14:11:55.439Z",
    "updated_at": "2025-11-07T06:20:50.161Z"
  }
},
{
  "model": "contents.contentpost",
  "pk": 4,
  "fields": {
    "title": "Nuestro Valores",
    "slug": "nuestro_valores",
    "content": "<ul>\r\n\t<li><strong>Honestidad</strong></li>\r\n</ul>\r\n\r\n<p>Living Better Community Center se conduce con claridad y verdad en cada acci&oacute;n, manteniendo siempre la coherencia entre lo que se piensa, se dice y se hace.</p>\r\n\r\n<ul>\r\n\t<li><strong>Transparencia</strong></li>\r\n</ul>\r\n\r\n<p>La organizaci&oacute;n act&uacute;a de manera abierta, compartiendo informaci&oacute;n relevante y fomentando la confianza con la comunidad, aliados y beneficiarios.</p>\r\n\r\n<ul>\r\n\t<li><strong>Servicios sin discriminaci&oacute;n</strong></li>\r\n</ul>\r\n\r\n<p>Living Better Community Center ofrece apoyo y acompa&ntilde;amiento sin distinguir origen, nacionalidad, orientaci&oacute;n, creencias, edad, g&eacute;nero o condici&oacute;n social. Todos reciben el mismo trato digno y respetuoso.</p>\r\n\r\n<ul>\r\n\t<li><strong>Dignidad</strong></li>\r\n</ul>\r\n\r\n<p>La organizaci&oacute;n reconoce el valor &uacute;nico de cada persona y trabaja para asegurar que cada individuo se sienta respetado, escuchado y valorado.</p>\r\n\r\n<ul>\r\n\t<li><strong>Respeto a la vida y los derechos humanos</strong></li>\r\n</ul>\r\n\r\n<p>Living Better Community Center promueve y protege el derecho fundamental a la vida y defiende la igualdad, la justicia y la libertad de todas las personas.</p>\r\n\r\n<ul>\r\n\t<li><strong>&Eacute;tica</strong></li>\r\n</ul>\r\n\r\n<p>La organizaci&oacute;n orienta sus decisiones y acciones conforme a principios morales s&oacute;lidos, actuando siempre con responsabilidad y compromiso hacia el bienestar colectivo.</p>\r\n\r\n<ul>\r\n\t<li><strong>Espiritualidad</strong></li>\r\n</ul>\r\n\r\n<p>Living Better Community Center reconoce la dimensi&oacute;n espiritual del ser humano y fomenta espacios de paz interior, reflexi&oacute;n y crecimiento personal, respetando la fe y creencias de cada persona.</p>",
    "section": 2,
    "category": 2,
    "author": null,
    "cover_image": "media/gallery/cover_images/WhatsApp_Image_2024-11-08_at_1.15.32_PM_cdampa",
    "thumbnail": "",
    "use_thumbnail_as_cover": false,
    "tags": "",
    "status": "published",
    "created_at": "2025-11-05T14:18:10.938Z",
    "updated_at": "2025-11-07T06:20:39.146Z"
  }
},
{
  "model": "contents.contentpost",
  "pk": 8,
  "fields": {
    "title": "Ministerio de Educacion",
    "slug": "educacion",
    "content": "<p>LHN: 000627/EDU-0206/2023</p>\r\n\r\n<p><strong>Living Better Community Center</strong> se encuentra habilitada y certificada por el Ministerio de Educaci&oacute;n de la Rep&uacute;blica Dominicana, lo que respalda el compromiso institucional con la formaci&oacute;n integral y el bienestar comunitario. Gracias a esta acreditaci&oacute;n, la organizaci&oacute;n desarrolla e implementa programas educativos, culturales y psicosociales dirigidos a estudiantes, familias y comunidades, garantizando que sus iniciativas cumplan con los est&aacute;ndares oficiales de calidad y pertinencia educativa. Nuestra labor se orienta al fortalecimiento de habilidades, valores y oportunidades que promuevan una vida saludable, consciente y socialmente responsable.</p>",
    "section": 3,
    "category": 2,
    "author": null,
    "cover_image": "media/gallery/cover_images/Minerd_ui2upn",
    "thumbnail": "",
    "use_thumbnail_as_cover": false,
    "tags": "",
    "status": "published",
    "created_at": "2025-11-05T15:22:05.423Z",
    "updated_at": "2025-11-07T06:21:39.864Z"
  }
},
{
  "model": "contents.contentpost",
  "pk": 9,
  "fields": {
    "title": "Ministerio de Salud",
    "slug": "salud",
    "content": "<p><strong>LHN:000321/SAL-0207/2023</strong></p>\r\n\r\n<p><strong>Living Better Community Center</strong> tambi&eacute;n se encuentra articulada y certificada por el Ministerio de Salud de la Rep&uacute;blica Dominicana, lo que garantiza que todas las acciones formativas, preventivas y comunitarias se desarrollen bajo lineamientos de salud p&uacute;blica, bienestar y promoci&oacute;n de estilos de vida saludables. Esta acreditaci&oacute;n respalda nuestra capacidad para implementar programas de prevenci&oacute;n, orientaci&oacute;n y acompa&ntilde;amiento psicoeducativo en diversos entornos comunitarios, contribuyendo a la reducci&oacute;n de riesgos, la promoci&oacute;n de la salud mental y f&iacute;sica, y el fortalecimiento de pr&aacute;cticas de autocuidado en la poblaci&oacute;n que servimos.</p>",
    "section": 3,
    "category": 2,
    "author": null,
    "cover_image": "media/gallery/cover_images/minerdsalud_wqdtfs",
    "thumbnail": "",
    "use_thumbnail_as_cover": false,
    "tags": "",
    "status": "published",
    "created_at": "2025-11-05T15:30:44.698Z",
    "updated_at": "2025-11-06T03:12:11.426Z"
  }
},
{
  "model": "contents.contentpost",
  "pk": 10,
  "fields": {
    "title": "Nuestra Historia",
    "slug": "nuestra_historia",
    "content": "<p>El Centro Comunitario Viviendo Mejor (Living Better Cummunity Center) nace dentro de una comunidad de fe y comenz? a desarrollar sus servicios para la comunidad en el Bronx En ese momento, los servicios se proporcionaban a trav?s de la investigaci?n informal y de la evaluaci?n de las necesidades sociales sugeridas por los datos existentes y la observaci?n directa de quienes solicitaban nuestro servicio a trav?s de la iglesia Arca de Salvaci?n ACYM. En colaboraci?n con la Organizaci?n hermana, conocida como Arca de Salvaci?n ACyM, LBCC comenz? el servicio de la comunidad del Bronx bajo la direcci?n de su fundador el Revendo Jose Miguel N??ez y se incorporo como Organizaci?n sin fines de lucro a los 02(d?as) del mes Noviembre del 2017 en la Republica Dominicana. El Reverendo Nunez movilizo un equipo de proveedores de servicios comprometidos para ayudar, orientar y guiar a familias e individuos de bajos ingresos hacia un futuro mas prometedor en el ?rea de la salud y el bienestar de la comunidad.</p><p><img src=\"/media/gallery/WhatsApp_Image_2024-11-08_at_1.08.17_PM.jpeg\" alt=\"\" width=\"1036\" height=\"540\">Caption</p><p>Desde sus inicios LBCC ha estado construyendo progresivamente las bases para expandir los servicios de intervenci?n, capacitando en la prevenci?n dentro de la comunidad del Bronx. Todo los cuales servicios son existentes a trav?s de la Iglesia Arca de Salvaci?n A C y M. La mayor?a quienes reciben nuestros servicios son la menor?a de latinos y afro-americano que pasan a ser una mayor?a en el Bronx, Sin embargo, los recursos y servicios est?n disponibles para cualquiera y todos los necesitados, sin importar la edad, raza, credo, origen ?tnico, religi?n, preferencias y orientaci?n sexual. En repuesta a la necesidad de la comunidad, LBCC con sus perfecci?nales, est? vinculada con otras organizaciones y hospitales (Arca de salvaci?n, Promesa inc., Hospital Lincoln, Hospital S B, City Harbes, y otras) se han prestado servicio de salud, prueba de VIH con la consejer?a anticipada y despu?s, conferencia de prevenci?n sobre lo mismo. Seminario de nutrici?n, el uso del arte dram?tico, art?stico para ense?ar de problemas sociales actuales con participaciones j?venes. LBCC se centra en alcanzar a j?venes con problemas y a trav?s de la captaci?n busca cambiar la visi?n de su vida en edad temprana de su vida de</p><p>una manera m?s positiva y lo hemos ido logrando a trav?s de la educaci?n para prevenir.</p><p>&nbsp;</p><p>Lo que comenz? como un programa piloto se est? convirtiendo progresivamente y a trav?s de sus esfuerzos de investigaci?n y de alcance comunitario en una fuente de autogesti?n y bienestar. Las mayor?as de estas necesidades pueden y tienen la capacidad de mejorar la calidad de vida mediante la prevenci?n y la intervenci?n con el fin con el fin de modificar factores del ambiente social. Adiestramiento, referidos, asesoramiento familiar,</p><p>&nbsp;</p><p>&nbsp;</p><p>apoyo social, direcci?n espiritual, lugar de refugios, ense?ar como vivir independiente, programas vocacionales, referido a programa de educaci?n y tratamiento de drogas/ alcohol.</p><p>&nbsp;</p><p>Anualmente, estamos todav?a en etapa de desarrollo de los recursos y servicios, sin embargo, como una comunidad de fe creemos que nuestros esfuerzos y nuestra paci?n por ayudar al necesitado pueden resultar contagiosos de la manera m?s pasiva y los beneficiarios de estos servicios con el tiempo pueden convertirse en proveedores. Un paralelo de nuestro punto de vista sobre el concepto de ?persona ayudando a otras personas?.</p><p>&nbsp;</p><p>Que hemos logrado en nuestro pa?s Republica Dominicana: Se logro incorporar y ser reconocida como SFL con su de Certificado sectorial por el Ministerio de Educaci?n.</p><p>&nbsp;</p><p>Se escribi? el ?MANUAL DE ADIESTRAMIENTO Y CAPACITACION DE</p><p>PERSONAL ESCOLAR EN EL AREA DE PREVENCION E INTERVENCION,</p><p>CONTROL, USO DE ALCOHOL Y OTRAS DROGAS.? Este manual es para ir preparar e inducir a los psic?logo y orientadores que representan los centros escolares a compartir lo aprendido sobre los da?os que causa el tabaquismo, alcohol y otras drogas en las ?reas biopsicosocial estas clases ser?a de gran importancia en su temprana edad especialmente para ni?os de 10-13 a?os que van a la secundaria, pues con ello prevenimos que le digan que si a este flagelo que est? acabando con nuestros j?venes, Este manual fue registrado y publicado, e imprimimos unos 200 ejemplares Presentamos el proyecto a los encargados de participaci?n Comunitaria y fue revisado por la asistente del ministro de educaci?n y seg?n informaci?n el proyecto es excelente. Me reun? con el 2021 con el ex director de participaci?n Comunitaria unas tres veces, el cual estuvo de acuerdo con el proyecto y se</p><p>qued? en llamarme para hacer una cita para establecer la log?stica como ?bamos a organizar la preparaci?n de los facilitadores de cada distrito escolar para certificarlo por nuestra Organizaci?n, pero nunca recib? la cita, creo que este proyecto es el eje de muchas soluciones, hay otros pa?ses que me solicitaron, pero este programa de prevenci?n establecido en las escuelas se esparcir? desde nuestra Republica Dominicana hasta otros pa?ses como modelo.</p><p>&nbsp;</p><p>Como Organizaci?n Nueva en Rep?blica Dominicana, Centro Comunitario Viviendo Mejor (Living Better Cummunity Center, LBCC) hemos ido desarrollando una serie de ayuda sociales como, algunas series de conferencias para las familias con algunos temas como: Resoluci?n de conflictos, comunicaci?n efectiva, la finanza en el hogar, y varios temas de orientaci?n con el director del Hospital de Villa tapia con facilidad dada por el</p><p>mismo Director Dr. Darwin Hanuel Acevedo, incluyendo orientaci?n y prevenci?n sobre el corona virus 19 y esto incluye la vacuna en el mismo Hospital de Villa Tapia y en las escuelas de la comunidades de las diferentes secciones de Villa Tapia.</p><p>&nbsp;</p><p>En otras ?reas sociales hemos podido ayudar a personas en un orden particular en la consejer?a y orientaci?n en algunas necesidades y tambi?n tuvimos la oportunidad de suplir algunos medicamentos, estos supervisado por el Dr. Darwin Hanuel Acevedo para que llegaran de una manera gratuita a las personas necesitadas.&nbsp; A?o 2022, gracias a las autoridades del Ministerio de Educacion, Ministerio de Econom?a y especialmente a los departamentos de Participaci?n Comunitaria, Orientaci?n y Psicolog?a se hiso posible aprobaci?n de la subvenci?n estatal de un $1,600,000.00 Pesos.</p><p>&nbsp;</p><p>La ASFL LBCC Adjunto del Ministerio de Educacion logro preparar 632: T?cnicos de participaci?n comunitaria, Orientadores y psic?logos los cuales impactan positivamente, a m?s de 130 mil ni?os y ni?as, con el proyecto ?La educaci?n temprana sobre el uso de alcohol, tabaco, y otras drogas previene que nuestros j?venes no se enfermen bio-psicosocial. Seguimos en conexi?n con la necesidad comunitaria se hiso una feria de salud adjunto al centro de diagn?stico de Villa Tapia, desarrollamos un comit? nombrado ?Comit? Pro- Desarrollo de Santa Villa Tapia, el cual es dependencia de LBCC que velara</p><p>por las necesidades de esta comunidad tan vulnerable.</p><p>&nbsp;</p><p>Hacemos esto y no dejaremos de hacerlo, pues en nuestra visi?n esta proporcionar una serie de servicios orientados a mejorar la calidad de vida de las familias y las comunidades a las que servimos. El continuo, compuesto por una amplia gama de servicios provisto de manera a fable, fluida, que se ofrece a las familias con la gama m?s completa y de mayor medida, calidad, costo, necesidad, accesibilidad y facilidad de entrega son los par?metros que dan forma a todos nuestros servicios prestados. A trav?s de la evaluaci?n constante utilizando resultandos medibles, podemos asegurar la calidad de vida y la satisfacci?n de seguir mejorando la familia.</p><p>&nbsp;</p><p>Hacemos esto y no dejaremos de hacerlo, pues en nuestra visi?n esta proporcionar una serie de servicios orientados a mejorar la calidad de vida de las familias y las comunidades a las que servimos. El continuo, compuesto por una amplia gama de servicios provisto de manera a fable, fluida, que se ofrece a las familias con la grada m?s completa y de mayor medida, calidad, costo, necesidad, accesibilidad y facilidad de entrega son los par?metros que dan forma a todos nuestros servicios prestados. A trav?s de la evaluaci?n constante utilizando resultandos medibles, podemos asegurar la calidad de vida y la satisfacci?n de seguir mejorando la familia.</p><p>&nbsp;</p><p>Es de suma importancia hacer saber que el enfoque primordial de nuestra Organizaci?n Living Better Cummunity Center es prevenci?n de donde surge, nuestro lema: ?Es mejor construir una cerca en el borde de un acantilado que un hospital en la parte inferior de una monta?a?.</p>",
    "section": 2,
    "category": 3,
    "author": null,
    "cover_image": "media/gallery/cover_images/WhatsApp_Image_2024-11-08_at_1.08.23_PM_1_r13356",
    "thumbnail": "",
    "use_thumbnail_as_cover": false,
    "tags": "",
    "status": "published",
    "created_at": "2025-11-10T03:46:44.816Z",
    "updated_at": "2025-12-28T04:51:51.894Z"
  }
},
{
  "model": "contents.contentpost",
  "pk": 11,
  "fields": {
    "title": "Quienes Somos",
    "slug": "quienes_somos",
    "content": "<p>Living Better Cummunity Center (Centro Comunitario Viviendo Mejor) nace dentro de una comunidad de fe y comenz? a desarrollar sus servicios para la comunidad en el Bronx en ese momento, los servicios se proporcionaban a trav?s de la investigaci?n informal y de la evaluaci?n de las necesidades sociales sugeridas por los datos existentes y la observaci?n directa de quienes solicitaban nuestro servicio a trav?s de la iglesia Arca de Salvaci?n ACYM.&nbsp;</p><p>LBCC comenz? el servicio de la comunidad del Bronx bajo la direcci?n de su fundador el Revendo Jos? Miguel N??ez y se incorpor? como Organizaci?n sin fines de lucro a los 02 d?as del mes Noviembre del 2017, en la Republica Dominicana.&nbsp;</p><p>En repuesta a la necesidad de la comunidad, LBCC con sus profesionales est? vinculada con otras organizaciones y hospitales (Arca de salvaci?n, Promesa inc., Hospital Lincoln, Hospital S B, City Harbes, y otras) se han prestado servicio de salud, prueba de VIH con la consejer?a anticipada y despu?s, conferencia de prevenci?n sobre lo mismo, etc.&nbsp;</p><p>En el a?o 2022, gracias al ministro, viceministro, director de participaci?n comunitaria, t?cnicos y otros ministerio como el de econom?a nacional por aprobar este programa que por nombre lleva ?la educaci?n temprana sobre el uso de alcohol, tabaco y otras drogas, previene que nuestros j?venes no se enfermen bio-psicosocialmente?. Logros: 2021, 29 entrenadores a nivel nacional, de los docentes, orientadores y psic?logos del ministerio de educaci?n, 2022 a 88 t?cnicos regionales y distritales tanto de participaci?n comunitaria como de orientaci?n y psicolog?a. En el a?o 2023 actualizado, 1442 facilitadores y en el a?o 2024 certificamos a 816.</p><p>Incluyendo los 149 que se han certificados en el proyecto de prevenci?n del uso de TAOD y 149 mas sobre la competencia de comunicaci?n efectiva y resoluci?n de conflictos, actualizado a la fecha de hoy un total de 2,383 facilitadores certificados sobre prevenci?n del uso de TAOD y 173 sobre la competencia de comunicaci?n efectiva y resoluci?n de conflictos, que est?n impactando un promedio de 255,600 ni?os(as) . En las regionales 01, 05, 06, 07, 15, 11, 13 16. La ASFL esta habilitada por los Ministerios de Educaci?n y Salud de una manera permanente.</p>",
    "section": 1,
    "category": 3,
    "author": null,
    "cover_image": "media/gallery/cover_images/WhatsApp_Image_2025-12-28_at_7.21.08_PM_1_dsu0vl",
    "thumbnail": "",
    "use_thumbnail_as_cover": false,
    "tags": "Quienes Somos",
    "status": "published",
    "created_at": "2025-12-28T04:30:01.697Z",
    "updated_at": "2026-01-19T02:22:09.048Z"
  }
}
]
