[{"model": "auth.group", "fields": {"name": "Admin", "permissions": [["add_emailaddress", "account", "emailaddress"], ["change_emailaddress", "account", "emailaddress"], ["delete_emailaddress", "account", "emailaddress"], ["view_emailaddress", "account", "emailaddress"]]}}, {"model": "auth.group", "fields": {"name": "Directives", "permissions": [["view_course", "courses", "course"]]}}, {"model": "auth.group", "fields": {"name": "customers", "permissions": []}}, {"model": "auth.group", "fields": {"name": "students", "permissions": [["add_cart", "shop", "cart"], ["change_cart", "shop", "cart"], ["delete_cart", "shop", "cart"], ["view_cart", "shop", "cart"]]}}, {"model": "auth.group", "fields": {"name": "Facilitadores", "permissions": []}}, {"model": "auth.group", "fields": {"name": "student", "permissions": []}}, {"model": "auth.group", "fields": {"name": "facilitador", "permissions": []}}, {"model": "auth.group", "fields": {"name": "tecnico", "permissions": []}}, {"model": "auth.user", "fields": {"password": "pbkdf2_sha256$870000$z8wXB9TAMRcWOAHufnMRmz$NfFm05hyaeZWBfczDrwOTTGPnnhL7/ifPOrwdsYrNmo=", "last_login": "2025-10-30T22:48:43.096Z", "is_superuser": false, "username": "studentdemo", "first_name": "", "last_name": "", "email": "", "is_staff": false, "is_active": true, "date_joined": "2025-10-19T14:14:44Z", "groups": [["customers"], ["students"], ["student"]], "user_permissions": [["view_certificate", "certifications", "certificate"], ["view_course", "classroom", "course"], ["view_lesson", "classroom", "lesson"], ["view_material", "classroom", "material"], ["view_module", "classroom", "module"], ["view_menuitem", "dashboard", "menuitem"], ["view_enrollment", "enrollments", "enrollment"]]}}, {"model": "auth.user", "fields": {"password": "pbkdf2_sha256$870000$9gMKfoz8fYeBCuwjfEQc4z$yDSiJi+M1yjDeCCDd6V0e2Kct+tU4oZmJGsvvxIZHO8=", "last_login": "2025-11-16T16:46:43.412Z", "is_superuser": true, "username": "jansgreen", "first_name": "", "last_name": "", "email": "", "is_staff": false, "is_active": true, "date_joined": "2025-11-15T06:50:02Z", "groups": [["student"]], "user_permissions": []}}, {"model": "auth.user", "fields": {"password": "pbkdf2_sha256$870000$ITlNe2o4rtAv9ShJzRPw35$xpPiNue2hfsuLzSqWnZDr79/gHLG2navf0jVneFD0AA=", "last_login": "2025-11-16T12:34:41.899Z", "is_superuser": false, "username": "TecnicoTest", "first_name": "Tecnico", "last_name": "Test", "email": "Tecnico@test.com", "is_staff": false, "is_active": true, "date_joined": "2025-11-16T12:34:41.251Z", "groups": [["facilitador"], ["tecnico"]], "user_permissions": []}}, {"model": "auth.user", "fields": {"password": "pbkdf2_sha256$870000$GV5Mw2H6BKLXP24HYplf7H$/oOp6vWAmeYENVp5d0BOty+rkPpU2eVD3ZMtOtW8Ehg=", "last_login": "2025-11-16T18:51:35.787Z", "is_superuser": true, "username": "jansgreen02", "first_name": "", "last_name": "", "email": "jansgreen@gmail.com", "is_staff": true, "is_active": true, "date_joined": "2025-11-16T18:23:08.483Z", "groups": [["student"]], "user_permissions": []}}, {"model": "auth.user", "fields": {"password": "pbkdf2_sha256$870000$5xq8UexFW41D6N0NyLY1Qr$BnRB/Z1nXKbTfYGxmLESQl7mHfggncyng4DRMZzE0Dc=", "last_login": "2025-11-16T18:46:00.729Z", "is_superuser": false, "username": "teststudent", "first_name": "Charles", "last_name": "Mendez Beriguete", "email": "jansgreen@gmail.com", "is_staff": false, "is_active": true, "date_joined": "2025-11-16T18:46:00.145Z", "groups": [["student"]], "user_permissions": []}}, {"model": "auth.user", "fields": {"password": "pbkdf2_sha256$870000$y3a6A39OpFGTa9jYSKlSlG$4V+uFQJwThwgx5R5CV4cfIlEHyqFa3QxE1jo6ymWD0g=", "last_login": "2025-12-25T04:22:25.606Z", "is_superuser": true, "username": "lpena", "first_name": "", "last_name": "", "email": "jansgreen@gmail.com", "is_staff": true, "is_active": true, "date_joined": "2025-12-23T16:48:42.458Z", "groups": [], "user_permissions": []}}, {"model": "auth.user", "fields": {"password": "pbkdf2_sha256$870000$LaiqsqA4xAwZI34vOjLDUH$mjfPQCiwFruV8BtAww8mOY5yrHC61Tr1WGHRWu7DFqU=", "last_login": "2025-12-29T04:07:15.842Z", "is_superuser": true, "username": "jansgreen03", "first_name": "", "last_name": "", "email": "jansgreen@gmail.com", "is_staff": true, "is_active": true, "date_joined": "2025-12-29T04:06:33.012Z", "groups": [], "user_permissions": []}}, {"model": "sessions.session", "pk": "03yq5i07xbv1ksk3p12vsnge9itmy96s", "fields": {"session_data": ".eJxVjMsOgyAQAP9lzw2h8ljw2Hu_gQC7VtsGEtFDY_z3xsSL15nJbNC4tamW8OEf9Nt-gxDXZQxr4zlMBD2ghgtMMX-4HIbesbyqyLUs85TEkYjTNvGsxN_H2V4GY2wj9KCQMQ2s7ZA7dKxJKieVjsarbFB7JEnGoyXndVKOlCfbESczKHm3nmH_A3gnPfM:1vYcrp:gftWtva3RgNkkGp4jBPKPgqmN0G4gHHAPkuqXwrncJA", "expire_date": "2026-01-08T04:22:25.609Z"}}, {"model": "sessions.session", "pk": "0f87bdxp0lcdlxcu647d5vs7jbjz57f3", "fields": {"session_data": "eyJzZXNzaW9uX2tleSI6e319:1vKbqD:8nStN13T_2azlu165K5CPROwhz1TRqD5RzxVwjoAsfI", "expire_date": "2025-11-30T12:26:49.416Z"}}, {"model": "sessions.session", "pk": "0flj9rxyte4nfax8k3fx9mt43gqgy4q5", "fields": {"session_data": "eyJzZXNzaW9uX2tleSI6e319:1vKA8F:qa1vPofno3-wOLW3bpkMlgVpWJYGKdEru787dVIr9mU", "expire_date": "2025-11-29T06:51:35.677Z"}}, {"model": "sessions.session", "pk": "0x9tvblddhhey546lhnhcxx395q1xhtl", "fields": {"session_data": "eyJzZXNzaW9uX2tleSI6e319:1uUBok:2-aeUGeuF3uRuUlOrW7a-pIKielcrZdSHpFZdi2nky8", "expire_date": "2025-07-08T22:08:38.564Z"}}, {"model": "sessions.session", "pk": "4fujn1rm8fxy2ybkiwj919a5oavlkat4", "fields": {"session_data": "eyJzZXNzaW9uX2tleSI6e319:1vKR7m:pd2rWtYGlaNKzfJb9WwHqIwEopg4qPz0lflA5VI5h38", "expire_date": "2025-11-30T01:00:14.099Z"}}, {"model": "sessions.session", "pk": "5g17ste4eosww4ed9trsm5radora2oc2", "fields": {"session_data": "eyJzZXNzaW9uX2tleSI6e319:1vKGDn:5fJSJGJ3dRHrQ6LM2ahS4OGyFEwl87zJTn8LdO91jrU", "expire_date": "2025-11-29T13:21:43.742Z"}}, {"model": "sessions.session", "pk": "7gbx24igb68b6nz5fn9ahzk841zlpym3", "fields": {"session_data": ".eJxVjEEOgyAQRe_CuiGDRWS67L5nIAMM1dpAIrpojHevJm7c_vfeX0XlWoeS3cg_8Vi3m3C0zL1bKk9uiOIhtBKX0VMYOR8kfii_iwwlz9Pg5aHIk1b5KpG_z9O9HPRU-72G1CqLQBZYKZ0ajyoxcDT-7g2mNnQ6dUwB0Wq9W4TQAMRgwCCgt2L7A3kMPfk:1v0pVx:8d6T6aB-dgcuKF2qxaxrFkGuQjjKDcxfx_uYPsvZarw", "expire_date": "2025-10-06T23:00:09.280Z"}}, {"model": "sessions.session", "pk": "7n88hbfbudjg492gyhdmxgjijm90a1eq", "fields": {"session_data": ".eJxdj0EOwiAURO_C2jRAW1q6dO8ZCPA_Fq1g-unCGO9u27hQtzNvZjJPZuxSRrMQziYCG1gn2OFbdNZfMW0OXGw658rnVOboqg2pPi5Vpww4HT_sT8FoaVzTLeqaC-yl9J0DxXuvNJc1d33X1AFAew69axotlWhBd4JrFxqhbAgSbOvXUkKimJO54oMNz9eB3TMVM-M5UlmH5jzhOkRlAUxl5yf0BcHEgjc2iP9ATCHvp2v1egNl9lmR:1vKhuY:Xv2QegEaoKkKzrBX8aRi116Nwx_ugZMd0NYW49oLeTY", "expire_date": "2025-11-30T18:55:42.753Z"}}, {"model": "sessions.session", "pk": "8gnkv0v8acnrm1jjqkadjsimdbqkkgh7", "fields": {"session_data": "eyJzZXNzaW9uX2tleSI6e319:1vY5Qw:cKDOpf9o1yee5KQRnzPWHuatrGivRKGKJ3nhgxJ4mzs", "expire_date": "2026-01-06T16:40:26.882Z"}}, {"model": "sessions.session", "pk": "bbgnyjwz6kq4vjjuhukfsmza5ds330x6", "fields": {"session_data": "eyJzZXNzaW9uX2tleSI6e319:1vY5RX:IRrakn__mlLQGdSTaVaeWzh7vfJ_HSxuOTLEBYMYEqs", "expire_date": "2026-01-06T16:41:03.054Z"}}, {"model": "sessions.session", "pk": "f3mfn876183oqo2vuogsqjo689s2szs5", "fields": {"session_data": "eyJzZXNzaW9uX2tleSI6e319:1vY3zv:Pwfc4IfTYcDuJUlcupChC6vafkFw6CqH68aMz5_77C0", "expire_date": "2026-01-06T15:08:27.032Z"}}, {"model": "sessions.session", "pk": "jppv6wlmwafnoi6awr02kheq8imnjfj7", "fields": {"session_data": "eyJzZXNzaW9uX2tleSI6e319:1vY5Qp:j9Um6CVBuKM4AZ3spX03Zt5xF_NuhAw_Alx_BMi0Oj4", "expire_date": "2026-01-06T16:40:19.766Z"}}, {"model": "sessions.session", "pk": "jxiqdp9yhpcr1etzs1fxsjkp1m5l440q", "fields": {"session_data": "eyJzZXNzaW9uX2tleSI6e319:1vKGL8:2tsro6gBV-Z2CZvq1S49teeitBTEHCBCWfMUXw3AdD4", "expire_date": "2025-11-29T13:29:18.111Z"}}, {"model": "sessions.session", "pk": "k8tlobjngeqq89hdok3r0j6g9q4o7rtw", "fields": {"session_data": "eyJzZXNzaW9uX2tleSI6e319:1vY3zZ:jrUCcB7-8Hp0r_qBuBpLzA9KuCQYdx1_MAzPIvEXk4E", "expire_date": "2026-01-06T15:08:05.656Z"}}, {"model": "sessions.session", "pk": "kal2pdfetcz3p9yed9sj84niyvzwtr3g", "fields": {"session_data": "eyJzZXNzaW9uX2tleSI6e319:1vY5RT:NwcW9lC9-g8X_Rg6aCp12YkrTKLKvkKubHMXzDAoWpo", "expire_date": "2026-01-06T16:40:59.542Z"}}, {"model": "sessions.session", "pk": "kxqro8b8biu9icl8btw80klkffcl8q3s", "fields": {"session_data": ".eJxVjEEOgyAQRe8y64YgqIDL7nsGMjBDtTaQiC4a490bEzdu_3vv71C51qlkP_MPhv14gMdtHf1WefETwQCmg9sYMM6cT0IfzO8iYsnrMgVxKuKiVbwK8fd5ubeDEet41kS90Ygq9LaVrHtnbVBoZZs0YhMTNqwbK53TjrqUMHTOtJEwKqdMkHD8AZGtPro:1va4XL:i1a28h41Fs9Uuaj0DDbi1i2HlMZQ2f6OI9ZzODTHQGI", "expire_date": "2026-01-12T04:07:15.846Z"}}, {"model": "sessions.session", "pk": "l5duysd8w8mzdrbd8u3mn5royawsp9ie", "fields": {"session_data": ".eJxVjMEOgyAQBf-Fc0NAQMRj7_0GsgtstTaQiB4a479XEy9e38y8jdVU61iyn9KP9dv-YB7WZfBrTbMfI-uZ7NhtRAhTyieJH8jvwkPJyzwiPxV-0cpfJabv83JvBwPU4agFBWEsdVo7Z0AFQypKhxFBS6s1EYk2gUAVLCmIzjZtI1F00CAcnWH7H4vXPrI:1uTu7h:dzE9a5wqfh52b4tQkh2OnkvN5BQ4OQZQO305S28YSxw", "expire_date": "2025-07-08T03:15:01.388Z"}}, {"model": "sessions.session", "pk": "m5ieil6x8a71p380h6apbd5fm2xvxxjl", "fields": {"session_data": ".eJxVjDsOgzAQBe-ydWStMXbWlOlzBsufJRAiW8JQRIi7J0g0tG9m3gaVax1LdhN_odtAQif3Gzi_LoNbK89uTNCBtHAZg48T54Okt8-vImLJyzwGcSjipFU8S-LP43QvB4Ovw79WGAllsh57DCqQ1lYz3xtJ2vhGWxOlaRUqjpETRR0sJQpNj2Ra5J5g_wEkgD7i:1uUBli:22yTyaR-NFJf6X0N2zlD2-9Idga4j2ZySgLLu9mf5HY", "expire_date": "2025-07-08T22:05:30.635Z"}}, {"model": "sessions.session", "pk": "mzifwz5afpb7a399u01soumoprh6jrda", "fields": {"session_data": ".eJxdj0EOgyAURO_CujGCKOquqy57BPKBjxKtNH5cNE3vXjTd2NUkM3mTmTcjJApx0RO-WP_-XJiGLY16I1x1cKxnqmIn04CdcNkTijbArG1csfi5VAwxDjMWt0Pu14yJMz8CjRkubeMBhK8Ftx34pi6r1lSdcZ3hCp10Dr00ICohFTQdl1xxAWVrnJI1tHUufUZKesUhUMq9a5xxH5U2h0vKMeGMNqHTIeGD9eIfCIuPx0XJP1_rUVmh:1vKkKk:GE5UTSmWxzMTuxQttfQNcIGriCdRS2o_TMe2F8FISe8", "expire_date": "2025-11-30T21:30:54.568Z"}}, {"model": "sessions.session", "pk": "oy0xgnyh3lqupq6qb0flb67f235vv0vm", "fields": {"session_data": "eyJzZXNzaW9uX2tleSI6e319:1vKABg:Djn5vHaH2h6Ns4hrwqp-UeqfA85-0ssx2SCjKsesQmQ", "expire_date": "2025-11-29T06:55:08.488Z"}}, {"model": "sessions.session", "pk": "resn7ym374hxesldx6nzqcg02qev7quv", "fields": {"session_data": "eyJzZXNzaW9uX2tleSI6eyIxIjoxfX0:1uOOBE:N9UetBRvtXQ4Zgf6uVoYgAOWJmY4RyospDgH8-bH6Sw", "expire_date": "2025-06-22T22:07:52.327Z"}}, {"model": "sessions.session", "pk": "rewee2j983nzo619li8c61zvxtrjhlnd", "fields": {"session_data": "eyJzZXNzaW9uX2tleSI6e319:1vY3zn:Azv8ODttgdSk4Npt6Sy7SLrthmM9qixVRGI5Icxkt6g", "expire_date": "2026-01-06T15:08:19.671Z"}}, {"model": "sessions.session", "pk": "th2o5z9mn9lnm9bl45vmq28db0fqvd5d", "fields": {"session_data": "eyJzZXNzaW9uX2tleSI6e319:1uUBhm:iU-15x4tk1_oGV9sYSJ-N61uNHoulVnVrfKi70UR4o8", "expire_date": "2025-07-08T22:01:26.630Z"}}, {"model": "sessions.session", "pk": "vryswtifsm15idpmrk01q5untjd6yovf", "fields": {"session_data": ".eJxVjMsOgyAQAP9lzw2h8ljw2Hu_gQC7VtsGEtFDY_z3xsSL15nJbNC4tamW8OEf9Nt-gxDXZQxr4zlMBD2ghgtMMX-4HIbesbyqyLUs85TEkYjTNvGsxN_H2V4GY2wj9KCQMQ2s7ZA7dKxJKieVjsarbFB7JEnGoyXndVKOlCfbESczKHm3nmH_A3gnPfM:1vY5ZX:bue7oU3xIlelUw0beeOfNYbtKyAGJH-4nyOvelAemZI", "expire_date": "2026-01-06T16:49:19.824Z"}}, {"model": "sessions.session", "pk": "xdvt4vlkrmw2yj3aqho5s3oz8lgaqv5m", "fields": {"session_data": ".eJxVjDsOgzAQBe-ydWRh_MMp0-cMlr27BEJkSxiKCHH3BImG9s3M26ByrWPJYeIv3Lf9BiGuyxDWynMYCe7g4LKliBPnA9A75lcRWPIyj0kcijhpFc9C_Hmc7uVgiHX41x5Tg9p4yUpptskxJUKyRibqlHEUPbm2c9ISNQa9JtQ6RmX7TrZ98rD_AG9rPsE:1urRT9:oHGnptk50tZn12eAwkOjCGAWjnWhMiNghEC3ZTtM_n4", "expire_date": "2025-09-11T01:30:27.699Z"}}, {"model": "sessions.session", "pk": "xucdui1019ec6xomq0q1uqnbp9547wf7", "fields": {"session_data": ".eJxVjEsKwyAUAO_iusjzr1l23zOIxmeTpijEZFFC7l6EbLKdGeYgDVuba_EL_shwnA_iw75Nfm-4-jmRgUhObjCGccHSTfqE8q50rGVb50h7Qi_b6Ksm_D6v9jaYQpv619jkjGYBDNeYJbdaRqZGY50UiMIxYKAgAgjhbNA2K86NgxwDZJCKnH9ClTyn:1vAU7X:DMQnZ3UDwZh4wSQHnVAp_U8udYKmJBmmmaftNAjqgZQ", "expire_date": "2025-11-02T14:10:51.236Z"}}, {"model": "sessions.session", "pk": "yeepuppb5q7xgvc33w1dlp0ldghevzgd", "fields": {"session_data": ".eJxVjDsOgzAQBe-ydWRh_MOU6XMGy-tdAklkSxiKCHH3BImG9s3M26ByrVPJ4c1f6DeQ0Mv9BiGuyxjWynOYCHpwcNkwpjfnA9Ar5mcRqeRlnlAcijhpFY9C_Lmf7uVgjHX81z5hk7TxkpXSbNExISWyRiJ1yjiKnlzbOWmJGpO8pqR1jMoOnWwH9LD_ACcYP6E:1ujjFX:CwB3IGYrknHHY54BxbhTFjfx6pZMxJjuy13VAEVE0gg", "expire_date": "2025-08-20T18:52:31.438Z"}}, {"model": "sessions.session", "pk": "yentnkenni279kpfcvin2gh81lme3se3", "fields": {"session_data": "eyJzZXNzaW9uX2tleSI6e319:1vKc0q:WStNac-5NwXnAzE5ETkkDmF4oEseX95H60cs2z-KO2k", "expire_date": "2025-11-30T12:37:48.492Z"}}, {"model": "sessions.session", "pk": "ype97m2em6a3vxyawnovbsqkz2ypvt0n", "fields": {"session_data": "eyJzZXNzaW9uX2tleSI6e319:1vKA9b:nObPXtBNi_387ZrlM-ZQeia0zVcZVp9sOUMMxazE4fc", "expire_date": "2025-11-29T06:52:59.295Z"}}, {"model": "courses.program", "pk": 1, "fields": {"name": "TAOD"}}, {"model": "courses.course", "pk": 2, "fields": {"title": "La educación temprana sobre el Uso del Tabaco, Alcohol y Otras Drogas, previene que nuestros jóvenes no se enfermen Bio-psicosocial", "description": "<p>La educación temprana sobre el Uso del Tabaco, Alcohol y Otras Drogas, previene que nuestros jóvenes no se enfermen Bio-psicosocial</p>", "program": null, "price": "30.00", "image": "course_images/Lbcc_manual_portada.png", "created_at": "2025-07-19T02:25:07.417Z", "updated_at": "2025-12-28T05:44:25.229Z", "published": true, "manual_certified_add": 2383}}, {"model": "courses.course", "pk": 5, "fields": {"title": "Preparacion de Consejeros de atencion a la familia e intervencion y abuso de susrancias", "description": "<p>Aqui se preparan clinicos etcc</p>", "program": null, "price": "1.00", "image": "course_images/Leonardo_Phoenix_10_creame_una_imagen_de_un_abogado_latino_con_3.jpg", "created_at": "2025-10-20T14:33:41.103Z", "updated_at": "2025-10-20T14:33:41.103Z", "published": false, "manual_certified_add": 0}}, {"model": "courses.course", "pk": 6, "fields": {"title": "La educación temprana sobre el Uso del Tabaco, Alcohol y Otras Drogas, previene que nuestros jóvenes no se enfermen Bio-psicosocial", "description": "<p>,jnmlkjlkj</p>", "program": null, "price": "10.00", "image": "course_images/MINERD.jpg", "created_at": "2025-12-28T05:36:19.618Z", "updated_at": "2025-12-28T05:36:19.618Z", "published": false, "manual_certified_add": 2383}}, {"model": "courses.course", "pk": 7, "fields": {"title": "La competencia de comunicación efectiva y resolución de conflictos", "description": "<p><span style=\"color:black;\">la competencia de comunicación efectiva y resolución de conflictos</span></p>", "program": null, "price": "0.00", "image": "", "created_at": "2025-12-28T20:16:56.527Z", "updated_at": "2025-12-28T20:16:56.527Z", "published": true, "manual_certified_add": 0}}, {"model": "courses.programyearstat", "pk": 1, "fields": {"program": 1, "year": 2021, "in_person_certified": 29, "estimated_children_impacted": 0, "notes": "Logros 2021: 29 entrenadores a nivel nacional (docentes, orientadores y psicólogos del Ministerio de Educación).", "updated_at": "2025-12-28T13:17:55.362Z"}}, {"model": "courses.programyearstat", "pk": 2, "fields": {"program": 1, "year": 2022, "in_person_certified": 88, "estimated_children_impacted": 0, "notes": "En el año 2022, gracias al ministro, viceministro, director de participación comunitaria, técnicos y otros ministerio como el de economía nacional por aprobar este programa que por nombre lleva la educación temprana sobre el uso de alcohol, tabaco y otras drogas, previene que nuestros jóvenes no se enfermen bio-psicosocialmente. Logros: 2021, 29 entrenadores a nivel nacional, de los docentes, orientadores y psicólogos del ministerio de educación, 2022 a 88 técnicos regionales y distritales tanto de participación comunitaria como de orientación y psicología. En el año 2023 actualizado, 1442 facilitadores y en el año 2024 certificamos a 816.", "updated_at": "2025-12-28T13:22:23.354Z"}}, {"model": "courses.programyearstat", "pk": 3, "fields": {"program": 1, "year": 2023, "in_person_certified": 1442, "estimated_children_impacted": 0, "notes": "En 2023 (actualizado): 1,442 facilitadores certificados.", "updated_at": "2025-12-28T13:17:55.369Z"}}, {"model": "courses.programyearstat", "pk": 4, "fields": {"program": 1, "year": 2024, "in_person_certified": 816, "estimated_children_impacted": 0, "notes": "En 2024: 816 certificados emitidos.", "updated_at": "2025-12-28T13:17:55.372Z"}}, {"model": "courses.programyearstat", "pk": 5, "fields": {"program": 1, "year": 2025, "in_person_certified": 8, "estimated_children_impacted": 255600, "notes": "Incluyendo los 149 que se han certificados en el proyecto de prevención del uso de TAOD y 149 mas sobre la competencia de comunicación efectiva y resolución de conflictos, actualizado a la fecha de hoy un total de 2,383 facilitadores certificados sobre prevención del uso de TAOD y 173 sobre la competencia de comunicación efectiva y resolución de conflictos, que están impactando un promedio de 255,600 niños(as) . En las regionales 01, 05, 06, 07, 15, 11, 13 16. La ASFL esta habilitada por los Ministerios de Educación y Salud de una manera permanente.", "updated_at": "2025-12-28T13:22:23.358Z"}}, {"model": "courses.module", "pk": 8, "fields": {"course": 2, "title": "Modulo 1 Curso 2", "description": "<p>descripcion del modulo 1</p>", "order": 0}}, {"model": "courses.module", "pk": 9, "fields": {"course": 2, "title": "Modulo 2 del culso 2", "description": "<p>descripcion del modulo 2</p>", "order": 1}}, {"model": "courses.module", "pk": 10, "fields": {"course": 5, "title": "intervencion Familia TAOD", "description": "<p>ersnrfsdfsd fdsf</p>", "order": 1}}, {"model": "courses.lesson", "pk": 6, "fields": {"module": 10, "title": "Leccion 1", "content": "<p>lfzjddfz lidjzsdilkzjsxlo</p>", "video_url": "https://www.youtube.com", "order": 1}}, {"model": "courses.lesson", "pk": 7, "fields": {"module": 10, "title": "leccion 2 Efecto de la TAOD en el cerebro", "content": "<p>fbdfg drdgfdgdgdfgh fdsdfgtfhdsfv</p>", "video_url": "https://www.youtube.com", "order": 2}}, {"model": "courses.lesson", "pk": 8, "fields": {"module": 10, "title": "Test 1", "content": "<p>cdfcdfd</p>", "video_url": "", "order": 1}}, {"model": "courses.lesson", "pk": 9, "fields": {"module": 10, "title": "dfdsfssd", "content": "<p>dfdsfdsf</p>", "video_url": "", "order": 2}}, {"model": "courses.lesson", "pk": 15, "fields": {"module": 8, "title": "cursi 2", "content": "<p>sdasdada</p>", "video_url": "", "order": 0}}, {"model": "enrollments.enrollment", "pk": 41, "fields": {"user": ["teststudent"], "course": 2, "enrolled_at": "2025-11-16T21:30:54.548Z", "progress": "100.00", "completed": true}}, {"model": "enrollments.lessoncompletion", "pk": 56, "fields": {"enrollment": 41, "lesson": 15, "completed_at": "2025-11-16T21:30:57.451Z"}}, {"model": "certifications.inpersoncertificateissue", "pk": 2, "fields": {"course": 2, "issued_date": "2022-01-28", "district": "01, 05, 06, 07, 15, 11, 13 16", "quantity": 88, "in_person_total": 0, "impact": 0, "image": "certificates/in_person/2/2022-01-28/01_05_06_07_15_11_13_16.jpeg", "note": "Certificamos técnicos regionales y distritales tanto de participación comunitaria como de orientación y psicología", "created_by": ["lpena"], "created_at": "2025-12-28T20:09:30.595Z", "updated_at": "2025-12-28T23:24:43.650Z"}}, {"model": "certifications.inpersoncertificateissue", "pk": 3, "fields": {"course": 2, "issued_date": "2025-12-28", "district": "01, 05, 06, 07, 15, 11, 13 16", "quantity": 1442, "in_person_total": 0, "impact": 0, "image": "certificates/in_person/2/2025-12-28/01_05_06_07_15_11_13_16.jpeg", "note": "Incluyendo los 149 que se han certificados en el proyecto de prevención del uso de TAOD y 149 mas sobre la competencia de comunicación efectiva y resolución de conflictos", "created_by": ["lpena"], "created_at": "2025-12-28T20:11:42.702Z", "updated_at": "2025-12-28T23:24:25.655Z"}}, {"model": "certifications.inpersoncertificateissue", "pk": 4, "fields": {"course": 2, "issued_date": "2024-01-28", "district": "01, 05, 06, 07, 15, 11, 13 16", "quantity": 816, "in_person_total": 0, "impact": 0, "image": "certificates/in_person/2/2024-01-28/01_05_06_07_15_11_13_16.jpeg", "note": "Certificaciones", "created_by": ["lpena"], "created_at": "2025-12-28T20:13:05.452Z", "updated_at": "2025-12-28T23:24:34.705Z"}}, {"model": "certifications.inpersoncertificateissue", "pk": 5, "fields": {"course": 7, "issued_date": "2025-12-28", "district": "01, 05, 06, 07, 15, 11, 13 16", "quantity": 255600, "in_person_total": 0, "impact": 0, "image": "certificates/in_person/7/2025-12-28/01_05_06_07_15_11_13_16.png", "note": "Están impactando un promedio de 255,600 niños(as)", "created_by": ["lpena"], "created_at": "2025-12-28T20:18:17.232Z", "updated_at": "2025-12-28T23:23:07.233Z"}}, {"model": "authentication.address", "pk": 20, "fields": {"user": ["studentdemo"], "address_type": "Residencial", "street": "Calle 7 Avenida en Proyecto", "neighborhood": "Wallkill", "city": "Barahona", "state": "Santa Cruz de Barahona", "zip_code": "81000"}}, {"model": "authentication.address", "pk": 30, "fields": {"user": ["TecnicoTest"], "address_type": "residencial", "street": "35 Karen Drive", "neighborhood": "Wallkill", "city": "middletown", "state": "NY", "zip_code": "10940"}}, {"model": "authentication.profiles", "pk": 3, "fields": {"user": ["studentdemo"], "genero": "M", "fecha_nacimiento": "1985-04-03", "telefono": "9172135087", "numero_identidad": "0180062497", "profesion": "Web Developer", "roll": "Director de Tecnología", "imagen": "profiles/default.jpg", "direccion": null, "old_cart": ""}}, {"model": "authentication.students", "pk": 14, "fields": {"user": ["studentdemo"], "cedula": null, "telefono": null, "regional": null, "por_distrito": false, "distrito_educativo": null, "genero": null, "fecha_nacimiento": null, "cargo": null, "certification": "", "institucion_laboral": null, "pendiente": true}}, {"model": "authentication.students", "pk": 17, "fields": {"user": ["jansgreen"], "cedula": null, "telefono": null, "regional": null, "por_distrito": false, "distrito_educativo": null, "genero": null, "fecha_nacimiento": null, "cargo": null, "certification": "", "institucion_laboral": null, "pendiente": true}}, {"model": "formbuilder.formdefinition", "pk": 4, "fields": {"name": "Evidencias trimestrales sobre la implementación del proyecto \"La educacion temprana sobre el Uso del Tabaco, Alcohol y otras Drogas, previene que nuestros jóvenes no se enfermen Bio-psicosocial\".", "description": "<p><strong>Objetivo/Razón/Motivo</strong></p><p>&nbsp;Medir el impacto de la implementación de los talleres sobre prevención de Tabaco, Alcohol y otras Drogas, en adolescentes, de centros educativos de la regional de educacion 07.</p>", "created_at": "2025-12-25T03:42:07.572Z", "image": "", "image_left": "form_images/LogoEducacion2020.png", "image_right": "form_images/msplogo3.png"}}, {"model": "formbuilder.formfield", "pk": 15, "fields": {"form": 4, "label": "Centro Educativo", "name": "centro_educativo", "field_type": "char", "required": true, "choices": null, "order": 1}}, {"model": "formbuilder.formfield", "pk": 16, "fields": {"form": 4, "label": "Responsables", "name": "responsables", "field_type": "char", "required": true, "choices": null, "order": 2}}, {"model": "formbuilder.formfield", "pk": 17, "fields": {"form": 4, "label": "Fechas", "name": "fechas", "field_type": "char", "required": true, "choices": null, "order": 3}}, {"model": "formbuilder.formfield", "pk": 18, "fields": {"form": 4, "label": "Temas impartidos", "name": "temas_impartidos", "field_type": "text", "required": false, "choices": null, "order": 4}}, {"model": "formbuilder.formfield", "pk": 19, "fields": {"form": 4, "label": "Objetivo/Razón/Motivo", "name": "objetivo_razon_motivo", "field_type": "text", "required": false, "choices": null, "order": 5}}, {"model": "formbuilder.formfield", "pk": 20, "fields": {"form": 4, "label": "Como realizo la multiplicación (metodología)", "name": "metodologia", "field_type": "text", "required": false, "choices": null, "order": 6}}, {"model": "formbuilder.formfield", "pk": 21, "fields": {"form": 4, "label": "Puntos destacados del proceso (ver la experiencia)", "name": "puntos_destacados", "field_type": "text", "required": false, "choices": null, "order": 7}}, {"model": "formbuilder.formfield", "pk": 22, "fields": {"form": 4, "label": "Principales incidencias (Observaciones)", "name": "principales_incidencias", "field_type": "text", "required": false, "choices": null, "order": 8}}, {"model": "formbuilder.formfield", "pk": 23, "fields": {"form": 4, "label": "Personas impactas, Femenino", "name": "personas_impactadas_femenino", "field_type": "integer", "required": false, "choices": null, "order": 9}}, {"model": "formbuilder.formfield", "pk": 24, "fields": {"form": 4, "label": "Personas impactas, Masculino", "name": "personas_impactadas_masculino", "field_type": "integer", "required": false, "choices": null, "order": 10}}, {"model": "formbuilder.formfield", "pk": 25, "fields": {"form": 4, "label": "Personas impactas, Edades", "name": "personas_impactadas_edades", "field_type": "char", "required": false, "choices": null, "order": 11}}, {"model": "formbuilder.formfield", "pk": 26, "fields": {"form": 4, "label": "Impacto antes: Decepción Escolar", "name": "impacto_antes_decepcion_escolar", "field_type": "integer", "required": false, "choices": null, "order": 12}}, {"model": "formbuilder.formfield", "pk": 27, "fields": {"form": 4, "label": "Impacto antes: Conflicto familiar", "name": "impacto_antes_conflicto_familiar", "field_type": "integer", "required": false, "choices": null, "order": 13}}, {"model": "formbuilder.formfield", "pk": 28, "fields": {"form": 4, "label": "Impacto antes: Hogares disfuncionales", "name": "impacto_antes_hogares_disfuncionales", "field_type": "integer", "required": false, "choices": null, "order": 14}}, {"model": "formbuilder.formfield", "pk": 29, "fields": {"form": 4, "label": "Impacto antes: Problemas de salud (inducida)", "name": "impacto_antes_problemas_salud", "field_type": "integer", "required": false, "choices": null, "order": 15}}, {"model": "formbuilder.formfield", "pk": 30, "fields": {"form": 4, "label": "Impacto antes: Problemas mentales (inducida)", "name": "impacto_antes_problemas_mentales", "field_type": "integer", "required": false, "choices": null, "order": 16}}, {"model": "formbuilder.formfield", "pk": 31, "fields": {"form": 4, "label": "Impacto positivo a raíz de la implementación del proyecto: A nivel escolar", "name": "impacto_positivo_nivel_escolar", "field_type": "text", "required": false, "choices": null, "order": 17}}, {"model": "formbuilder.formfield", "pk": 32, "fields": {"form": 4, "label": "Impacto positivo a raíz de la implementación del proyecto: A nivel familiar", "name": "impacto_positivo_nivel_familiar", "field_type": "text", "required": false, "choices": null, "order": 18}}, {"model": "formbuilder.formfield", "pk": 33, "fields": {"form": 4, "label": "Impacto positivo a raíz de la implementación del proyecto: Social", "name": "impacto_positivo_social", "field_type": "text", "required": false, "choices": null, "order": 19}}, {"model": "formbuilder.formfield", "pk": 34, "fields": {"form": 4, "label": "Mejora en la decepción escolar", "name": "mejora_decepcion_escolar", "field_type": "text", "required": false, "choices": null, "order": 20}}, {"model": "formbuilder.formfield", "pk": 35, "fields": {"form": 4, "label": "Anexos (fotos, videos, listados y otros)", "name": "anexos", "field_type": "files", "required": false, "choices": null, "order": 21}}, {"model": "formbuilder.completedform", "pk": 7, "fields": {"user": ["lpena"], "form_name": "Evidencias trimestrales sobre la implementación del proyecto \"La educacion temprana sobre el Uso del Tabaco, Alcohol y otras Drogas, previene que nuestros jóvenes no se enfermen Bio-psicosocial\".", "titulo": "", "descripcion": "<p><strong>Objetivo/Razón/Motivo</strong></p><p>&nbsp;Medir el impacto de la implementación de los talleres sobre prevención de Tabaco, Alcohol y otras Drogas, en adolescentes, de centros educativos de la regional de educacion 07.</p>", "form_data": {"centro_educativo": "test", "responsables": "test", "fechas": "04/031985", "temas_impartidos": ";lk; k;lkl;kk o", "objetivo_razon_motivo": "<p><strong>Objetivo/Razón/Motivo</strong></p><p>&nbsp;Medir el impacto de la implementación de los talleres sobre prevención de Tabaco, Alcohol y otras Drogas, en adolescentes, de centros educativos de la regional de educacion 07.</p>", "metodologia": "l;ki [p[po", "puntos_destacados": "p;ol p[l l", "principales_incidencias": "p; p[lkp[ol[p", "personas_impactadas_femenino": 5, "personas_impactadas_masculino": 5, "personas_impactadas_edades": "10", "impacto_antes_decepcion_escolar": 10, "impacto_antes_conflicto_familiar": 10, "impacto_antes_hogares_disfuncionales": 10, "impacto_antes_problemas_salud": 10, "impacto_antes_problemas_mentales": 10, "impacto_positivo_nivel_escolar": "l pokopk", "impacto_positivo_nivel_familiar": "k opkop", "impacto_positivo_social": "kop]ko", "mejora_decepcion_escolar": "o pkopkop", "anexos": ["/media/form_uploads/evidencias-trimestrales-sobre-la-implementacion-del-proyecto/74/anexos/msplogo3.png", "/media/form_uploads/evidencias-trimestrales-sobre-la-implementacion-del-proyecto/74/anexos/MINERD.jpg", "/media/form_uploads/evidencias-trimestrales-sobre-la-implementacion-del-proyecto/74/anexos/msplogo3%20-%20Copy.png"]}, "distrito": null, "address": null, "submitted_at": "2025-12-28T01:18:11.600Z"}}, {"model": "shop.category", "pk": 1, "fields": {"name": "Libros Digitales", "description": "Todos los libros digitales", "slug": "libros-digitales"}}, {"model": "shop.product", "pk": 1, "fields": {"name": "Manual de Adiestramiento y Capacitacion de Personal Escolar en el area de Prevencion e investigacion, control uso de Alcohol y otras Drogas", "description": "<p>Este manual est&aacute; dise&ntilde;ado como una herramienta pr&aacute;ctica y formativa para el adiestramiento y la capacitaci&oacute;n del personal escolar en temas clave relacionados con la prevenci&oacute;n, investigaci&oacute;n y control del uso de alcohol y otras drogas en entornos educativos. Su contenido ofrece estrategias, procedimientos y recursos orientados a fortalecer el papel del personal docente y administrativo en la creaci&oacute;n de ambientes escolares seguros, saludables y libres de sustancias nocivas. Adem&aacute;s, promueve una cultura de intervenci&oacute;n temprana, apoyo institucional y responsabilidad compartida frente a esta problem&aacute;tica.</p>", "price": "8.99", "stock": 100, "category": 1, "image": "products/Lbcc_manual.png", "created_at": "2025-06-08T21:47:57.546Z", "updated_at": "2025-06-08T21:48:10.930Z", "is_sale": true}}, {"model": "gallery.image", "pk": 1, "fields": {"name": "Actividades TOAD 1", "description": "Esta son las fotos de las actividades", "image_file": "gallery/WhatsApp_Image_2024-11-08_at_1.08.23_PM_5.jpeg", "thumbnail": "", "created_at": "2025-11-07T05:27:35.589Z", "forcarousel": true}}, {"model": "gallery.image", "pk": 2, "fields": {"name": "Activades TOAD I", "description": "Otras actividad de TOAD 1", "image_file": "gallery/WhatsApp_Image_2024-11-08_at_1.08.23_PM_4.jpeg", "thumbnail": "", "created_at": "2025-11-07T05:36:15.916Z", "forcarousel": true}}, {"model": "gallery.image", "pk": 3, "fields": {"name": "Quienes Somos", "description": "", "image_file": "gallery/WhatsApp_Image_2024-11-08_at_1.08.17_PM.jpeg", "thumbnail": "", "created_at": "2025-11-10T03:47:37.429Z", "forcarousel": true}}, {"model": "contents.contentcategory", "pk": 2, "fields": {"name": "Home", "slug": "home", "description": "Todo los contenido del home"}}, {"model": "contents.contentcategory", "pk": 3, "fields": {"name": "Quienes Somos", "slug": "quienes_somos", "description": "Aqui se mostrara todo los contenido de quienes somos"}}, {"model": "contents.contentpost", "pk": 1, "fields": {"title": "Preparación de Psicolgos y Orientadores del Ministerio de Educación, como Facilitadores sobre Prevención del uso de Tabaco, Alcohol y Otras drogas y las Enfermedades Inducidas bio-psicosocial,para que", "slug": "toad", "content": "<p>Preparaci&oacute;n de Psicolgos y Orientadores del Ministerio de Educaci&oacute;n, como Facilitadores sobre Prevenci&oacute;n del uso de Tabaco, Alcohol y Otras drogas y las Enfermedades Inducidas bio-psicosocial,para que</p>\r\n\r\n<p>&nbsp;</p>\r\n\r\n<p>Esta actividad estuvo dirigida a la capacitaci&oacute;n de psic&oacute;logos y orientadores del Ministerio de Educaci&oacute;n, con el prop&oacute;sito de fortalecer sus competencias como facilitadores en la prevenci&oacute;n del consumo de tabaco, alcohol y otras sustancias psicoactivas. Durante la jornada se abordaron las consecuencias bio-psicosociales asociadas al uso de estas sustancias, as&iacute; como estrategias educativas y de intervenci&oacute;n temprana. El objetivo principal fue proporcionar las herramientas necesarias para que los participantes puedan transmitir estos conocimientos de forma efectiva a estudiantes de nivel primario y secundario, fomentando ambientes escolares saludables y promoviendo estilos de vida libres de adicciones.</p>", "section": 1, "category": 2, "author": null, "cover_image": "", "thumbnail": "", "use_thumbnail_as_cover": false, "tags": "", "status": "published", "created_at": "2025-11-05T03:25:47.961Z", "updated_at": "2025-11-07T07:11:31.571Z"}}, {"model": "contents.contentpost", "pk": 2, "fields": {"title": "Nuestra Misión", "slug": "nuestra_mision", "content": "<p>Viviendo Mejor (Living Better Community Center) es una organizaci&oacute;n sin fines de lucro orientada a servir las necesidades de los individuos y las familias en nuestros entornos urbanos y rurales. Existimos para capacitar a nuestras comunidades y a los menos afortunados a trav&eacute;s de usar el conocimiento para prevenir y dar un apoyo que ayuda a nuestra sociedad. Utilizamos talleres y seminarios enfocados en estilos de vida saludable, prevenci&oacute;n en temas en torno al VIH/SIDA, abuso de alcohol y drogas, prevenci&oacute;n e intervenci&oacute;n de participaci&oacute;n en la sub-cultura de pandillas. Otros temas de educaci&oacute;n incluyen las preocupaciones alarmantes sobre diabetes, presi&oacute;n arterial alta, etc.</p>\r\n\r\n<p>&nbsp;</p>\r\n\r\n<p>En Viviendo Mejor (Living Better Community Center) trabajamos hacia el logro de nuestra misi&oacute;n al asumir un rol de liderazgo en la construcci&oacute;n de bases hacia un futuro m&aacute;s seguro y m&aacute;s saludable. Abogamos por nuestras familias, ofrecemos el enriquecimiento de las experiencias con la utilizaci&oacute;n de nuestros recursos para apoyar y reforzar los resultados de una manera significativa y positiva que brinde mayores beneficios a la comunidad.</p>\r\n\r\n<p>&nbsp;</p>\r\n\r\n<p>Una de las caracter&iacute;sticas m&aacute;s prometedoras de nuestra organizaci&oacute;n es integrar arte y teatro como componentes de educaci&oacute;n presentados por profesionales de las bellas artes. Actividades de desarrollo personal tambi&eacute;n est&aacute;n disponibles para nuestra juventud. Nuestro sistema de talleres, seminarios, red de apoyo social y de refuerzo familiar representa una forma m&aacute;s completa de servicios integral, donde estos servicios est&aacute;n desarrollados y presentados primordialmente por l&iacute;deres y profesionales acreditados que son parte de nuestro programa. Ofrecemos referencias fiables con los proveedores de servicio apropiados.</p>", "section": 2, "category": 2, "author": null, "cover_image": "gallery/cover_images/WhatsApp_Image_2024-11-08_at_1.08.21_PM_3.jpeg", "thumbnail": "", "use_thumbnail_as_cover": false, "tags": "", "status": "published", "created_at": "2025-11-05T14:05:15.052Z", "updated_at": "2025-11-07T06:21:05.654Z"}}, {"model": "contents.contentpost", "pk": 3, "fields": {"title": "Nuestra Visión", "slug": "Nuestra_Vision", "content": "<p>Viviendo Mejor (Living Better Community Center) proporcionar&aacute; una serie de servicios orientados a mejorar la calidad de vida de las familias y las comunidades a las que servimos. El continuo, compuesto por una amplia gama de servicios provistos de manera afable, fluida, que se ofrece a las familias con el grado m&aacute;s completo y mayor medida. Calidad, costo, necesidad, accesibilidad y facilidad de entrega son los par&aacute;metros que dan forma a todos nuestros servicios prestados. A trav&eacute;s de la evaluaci&oacute;n constante utilizando resultados medibles, podremos asegurar la calidad de vida y la satisfacci&oacute;n de seguir mejorando las familias.</p>", "section": 2, "category": 2, "author": null, "cover_image": "gallery/cover_images/WhatsApp_Image_2024-11-08_at_1.08.21_PM_1.jpeg", "thumbnail": "", "use_thumbnail_as_cover": false, "tags": "", "status": "published", "created_at": "2025-11-05T14:11:55.439Z", "updated_at": "2025-11-07T06:20:50.161Z"}}, {"model": "contents.contentpost", "pk": 4, "fields": {"title": "Nuestro Valores", "slug": "nuestro_valores", "content": "<ul>\r\n\t<li><strong>Honestidad</strong></li>\r\n</ul>\r\n\r\n<p>Living Better Community Center se conduce con claridad y verdad en cada acci&oacute;n, manteniendo siempre la coherencia entre lo que se piensa, se dice y se hace.</p>\r\n\r\n<ul>\r\n\t<li><strong>Transparencia</strong></li>\r\n</ul>\r\n\r\n<p>La organizaci&oacute;n act&uacute;a de manera abierta, compartiendo informaci&oacute;n relevante y fomentando la confianza con la comunidad, aliados y beneficiarios.</p>\r\n\r\n<ul>\r\n\t<li><strong>Servicios sin discriminaci&oacute;n</strong></li>\r\n</ul>\r\n\r\n<p>Living Better Community Center ofrece apoyo y acompa&ntilde;amiento sin distinguir origen, nacionalidad, orientaci&oacute;n, creencias, edad, g&eacute;nero o condici&oacute;n social. Todos reciben el mismo trato digno y respetuoso.</p>\r\n\r\n<ul>\r\n\t<li><strong>Dignidad</strong></li>\r\n</ul>\r\n\r\n<p>La organizaci&oacute;n reconoce el valor &uacute;nico de cada persona y trabaja para asegurar que cada individuo se sienta respetado, escuchado y valorado.</p>\r\n\r\n<ul>\r\n\t<li><strong>Respeto a la vida y los derechos humanos</strong></li>\r\n</ul>\r\n\r\n<p>Living Better Community Center promueve y protege el derecho fundamental a la vida y defiende la igualdad, la justicia y la libertad de todas las personas.</p>\r\n\r\n<ul>\r\n\t<li><strong>&Eacute;tica</strong></li>\r\n</ul>\r\n\r\n<p>La organizaci&oacute;n orienta sus decisiones y acciones conforme a principios morales s&oacute;lidos, actuando siempre con responsabilidad y compromiso hacia el bienestar colectivo.</p>\r\n\r\n<ul>\r\n\t<li><strong>Espiritualidad</strong></li>\r\n</ul>\r\n\r\n<p>Living Better Community Center reconoce la dimensi&oacute;n espiritual del ser humano y fomenta espacios de paz interior, reflexi&oacute;n y crecimiento personal, respetando la fe y creencias de cada persona.</p>", "section": 2, "category": 2, "author": null, "cover_image": "gallery/cover_images/WhatsApp_Image_2024-11-08_at_1.15.32_PM.jpeg", "thumbnail": "", "use_thumbnail_as_cover": false, "tags": "", "status": "published", "created_at": "2025-11-05T14:18:10.938Z", "updated_at": "2025-11-07T06:20:39.146Z"}}, {"model": "contents.contentpost", "pk": 8, "fields": {"title": "Ministerio de Educacion", "slug": "educacion", "content": "<p>LHN: 000627/EDU-0206/2023</p>\r\n\r\n<p><strong>Living Better Community Center</strong> se encuentra habilitada y certificada por el Ministerio de Educaci&oacute;n de la Rep&uacute;blica Dominicana, lo que respalda el compromiso institucional con la formaci&oacute;n integral y el bienestar comunitario. Gracias a esta acreditaci&oacute;n, la organizaci&oacute;n desarrolla e implementa programas educativos, culturales y psicosociales dirigidos a estudiantes, familias y comunidades, garantizando que sus iniciativas cumplan con los est&aacute;ndares oficiales de calidad y pertinencia educativa. Nuestra labor se orienta al fortalecimiento de habilidades, valores y oportunidades que promuevan una vida saludable, consciente y socialmente responsable.</p>", "section": 3, "category": 2, "author": null, "cover_image": "gallery/cover_images/Minerd.png", "thumbnail": "", "use_thumbnail_as_cover": false, "tags": "", "status": "published", "created_at": "2025-11-05T15:22:05.423Z", "updated_at": "2025-11-07T06:21:39.864Z"}}, {"model": "contents.contentpost", "pk": 9, "fields": {"title": "Ministerio de Salud", "slug": "salud", "content": "<p><strong>LHN:000321/SAL-0207/2023</strong></p>\r\n\r\n<p><strong>Living Better Community Center</strong> tambi&eacute;n se encuentra articulada y certificada por el Ministerio de Salud de la Rep&uacute;blica Dominicana, lo que garantiza que todas las acciones formativas, preventivas y comunitarias se desarrollen bajo lineamientos de salud p&uacute;blica, bienestar y promoci&oacute;n de estilos de vida saludables. Esta acreditaci&oacute;n respalda nuestra capacidad para implementar programas de prevenci&oacute;n, orientaci&oacute;n y acompa&ntilde;amiento psicoeducativo en diversos entornos comunitarios, contribuyendo a la reducci&oacute;n de riesgos, la promoci&oacute;n de la salud mental y f&iacute;sica, y el fortalecimiento de pr&aacute;cticas de autocuidado en la poblaci&oacute;n que servimos.</p>", "section": 3, "category": 2, "author": null, "cover_image": "gallery/cover_images/minerdsalud.png", "thumbnail": "", "use_thumbnail_as_cover": false, "tags": "", "status": "published", "created_at": "2025-11-05T15:30:44.698Z", "updated_at": "2025-11-06T03:12:11.426Z"}}, {"model": "contents.contentpost", "pk": 10, "fields": {"title": "Nuestra Historia", "slug": "nuestra_historia", "content": "<p>El Centro Comunitario Viviendo Mejor (Living Better Cummunity Center) nace dentro de una comunidad de fe y comenzó a desarrollar sus servicios para la comunidad en el Bronx En ese momento, los servicios se proporcionaban a través de la investigación informal y de la evaluación de las necesidades sociales sugeridas por los datos existentes y la observación directa de quienes solicitaban nuestro servicio a través de la iglesia Arca de Salvación ACYM. En colaboración con la Organización hermana, conocida como Arca de Salvación ACyM, LBCC comenzó el servicio de la comunidad del Bronx bajo la dirección de su fundador el Revendo Jose Miguel Núñez y se incorporo como Organización sin fines de lucro a los 02(días) del mes Noviembre del 2017 en la Republica Dominicana. El Reverendo Nunez movilizo un equipo de proveedores de servicios comprometidos para ayudar, orientar y guiar a familias e individuos de bajos ingresos hacia un futuro mas prometedor en el área de la salud y el bienestar de la comunidad.</p><p><img src=\"/media/gallery/WhatsApp_Image_2024-11-08_at_1.08.17_PM.jpeg\" alt=\"\" width=\"1036\" height=\"540\">Caption</p><p>Desde sus inicios LBCC ha estado construyendo progresivamente las bases para expandir los servicios de intervención, capacitando en la prevención dentro de la comunidad del Bronx. Todo los cuales servicios son existentes a través de la Iglesia Arca de Salvación A C y M. La mayoría quienes reciben nuestros servicios son la menoría de latinos y afro-americano que pasan a ser una mayoría en el Bronx, Sin embargo, los recursos y servicios están disponibles para cualquiera y todos los necesitados, sin importar la edad, raza, credo, origen étnico, religión, preferencias y orientación sexual. En repuesta a la necesidad de la comunidad, LBCC con sus perfecciónales, está vinculada con otras organizaciones y hospitales (Arca de salvación, Promesa inc., Hospital Lincoln, Hospital S B, City Harbes, y otras) se han prestado servicio de salud, prueba de VIH con la consejería anticipada y después, conferencia de prevención sobre lo mismo. Seminario de nutrición, el uso del arte dramático, artístico para enseñar de problemas sociales actuales con participaciones jóvenes. LBCC se centra en alcanzar a jóvenes con problemas y a través de la captación busca cambiar la visión de su vida en edad temprana de su vida de</p><p>una manera más positiva y lo hemos ido logrando a través de la educación para prevenir.</p><p>&nbsp;</p><p>Lo que comenzó como un programa piloto se está convirtiendo progresivamente y a través de sus esfuerzos de investigación y de alcance comunitario en una fuente de autogestión y bienestar. Las mayorías de estas necesidades pueden y tienen la capacidad de mejorar la calidad de vida mediante la prevención y la intervención con el fin con el fin de modificar factores del ambiente social. Adiestramiento, referidos, asesoramiento familiar,</p><p>&nbsp;</p><p>&nbsp;</p><p>apoyo social, dirección espiritual, lugar de refugios, enseñar como vivir independiente, programas vocacionales, referido a programa de educación y tratamiento de drogas/ alcohol.</p><p>&nbsp;</p><p>Anualmente, estamos todavía en etapa de desarrollo de los recursos y servicios, sin embargo, como una comunidad de fe creemos que nuestros esfuerzos y nuestra pación por ayudar al necesitado pueden resultar contagiosos de la manera más pasiva y los beneficiarios de estos servicios con el tiempo pueden convertirse en proveedores. Un paralelo de nuestro punto de vista sobre el concepto de “persona ayudando a otras personas”.</p><p>&nbsp;</p><p>Que hemos logrado en nuestro país Republica Dominicana: Se logro incorporar y ser reconocida como SFL con su de Certificado sectorial por el Ministerio de Educación.</p><p>&nbsp;</p><p>Se escribió el “MANUAL DE ADIESTRAMIENTO Y CAPACITACION DE</p><p>PERSONAL ESCOLAR EN EL AREA DE PREVENCION E INTERVENCION,</p><p>CONTROL, USO DE ALCOHOL Y OTRAS DROGAS.” Este manual es para ir preparar e inducir a los psicólogo y orientadores que representan los centros escolares a compartir lo aprendido sobre los daños que causa el tabaquismo, alcohol y otras drogas en las áreas biopsicosocial estas clases sería de gran importancia en su temprana edad especialmente para niños de 10-13 años que van a la secundaria, pues con ello prevenimos que le digan que si a este flagelo que está acabando con nuestros jóvenes, Este manual fue registrado y publicado, e imprimimos unos 200 ejemplares Presentamos el proyecto a los encargados de participación Comunitaria y fue revisado por la asistente del ministro de educación y según información el proyecto es excelente. Me reuní con el 2021 con el ex director de participación Comunitaria unas tres veces, el cual estuvo de acuerdo con el proyecto y se</p><p>quedó en llamarme para hacer una cita para establecer la logística como íbamos a organizar la preparación de los facilitadores de cada distrito escolar para certificarlo por nuestra Organización, pero nunca recibí la cita, creo que este proyecto es el eje de muchas soluciones, hay otros países que me solicitaron, pero este programa de prevención establecido en las escuelas se esparcirá desde nuestra Republica Dominicana hasta otros países como modelo.</p><p>&nbsp;</p><p>Como Organización Nueva en República Dominicana, Centro Comunitario Viviendo Mejor (Living Better Cummunity Center, LBCC) hemos ido desarrollando una serie de ayuda sociales como, algunas series de conferencias para las familias con algunos temas como: Resolución de conflictos, comunicación efectiva, la finanza en el hogar, y varios temas de orientación con el director del Hospital de Villa tapia con facilidad dada por el</p><p>mismo Director Dr. Darwin Hanuel Acevedo, incluyendo orientación y prevención sobre el corona virus 19 y esto incluye la vacuna en el mismo Hospital de Villa Tapia y en las escuelas de la comunidades de las diferentes secciones de Villa Tapia.</p><p>&nbsp;</p><p>En otras áreas sociales hemos podido ayudar a personas en un orden particular en la consejería y orientación en algunas necesidades y también tuvimos la oportunidad de suplir algunos medicamentos, estos supervisado por el Dr. Darwin Hanuel Acevedo para que llegaran de una manera gratuita a las personas necesitadas.&nbsp; Año 2022, gracias a las autoridades del Ministerio de Educacion, Ministerio de Economía y especialmente a los departamentos de Participación Comunitaria, Orientación y Psicología se hiso posible aprobación de la subvención estatal de un $1,600,000.00 Pesos.</p><p>&nbsp;</p><p>La ASFL LBCC Adjunto del Ministerio de Educacion logro preparar 632: Técnicos de participación comunitaria, Orientadores y psicólogos los cuales impactan positivamente, a más de 130 mil niños y niñas, con el proyecto “La educación temprana sobre el uso de alcohol, tabaco, y otras drogas previene que nuestros jóvenes no se enfermen bio-psicosocial. Seguimos en conexión con la necesidad comunitaria se hiso una feria de salud adjunto al centro de diagnóstico de Villa Tapia, desarrollamos un comité nombrado “Comité Pro- Desarrollo de Santa Villa Tapia, el cual es dependencia de LBCC que velara</p><p>por las necesidades de esta comunidad tan vulnerable.</p><p>&nbsp;</p><p>Hacemos esto y no dejaremos de hacerlo, pues en nuestra visión esta proporcionar una serie de servicios orientados a mejorar la calidad de vida de las familias y las comunidades a las que servimos. El continuo, compuesto por una amplia gama de servicios provisto de manera a fable, fluida, que se ofrece a las familias con la gama más completa y de mayor medida, calidad, costo, necesidad, accesibilidad y facilidad de entrega son los parámetros que dan forma a todos nuestros servicios prestados. A través de la evaluación constante utilizando resultandos medibles, podemos asegurar la calidad de vida y la satisfacción de seguir mejorando la familia.</p><p>&nbsp;</p><p>Hacemos esto y no dejaremos de hacerlo, pues en nuestra visión esta proporcionar una serie de servicios orientados a mejorar la calidad de vida de las familias y las comunidades a las que servimos. El continuo, compuesto por una amplia gama de servicios provisto de manera a fable, fluida, que se ofrece a las familias con la grada más completa y de mayor medida, calidad, costo, necesidad, accesibilidad y facilidad de entrega son los parámetros que dan forma a todos nuestros servicios prestados. A través de la evaluación constante utilizando resultandos medibles, podemos asegurar la calidad de vida y la satisfacción de seguir mejorando la familia.</p><p>&nbsp;</p><p>Es de suma importancia hacer saber que el enfoque primordial de nuestra Organización Living Better Cummunity Center es prevención de donde surge, nuestro lema: “Es mejor construir una cerca en el borde de un acantilado que un hospital en la parte inferior de una montaña”.</p>", "section": 2, "category": 3, "author": null, "cover_image": "gallery/cover_images/WhatsApp_Image_2024-11-08_at_1.08.23_PM_1.jpeg", "thumbnail": "", "use_thumbnail_as_cover": false, "tags": "", "status": "published", "created_at": "2025-11-10T03:46:44.816Z", "updated_at": "2025-12-28T04:51:51.894Z"}}, {"model": "contents.contentpost", "pk": 11, "fields": {"title": "Quienes Somos", "slug": "quienes_somos", "content": "<p>Living Better Cummunity Center (Centro Comunitario Viviendo Mejor) nace dentro de una comunidad de fe y comenzó a desarrollar sus servicios para la comunidad en el Bronx en ese momento, los servicios se proporcionaban a través de la investigación informal y de la evaluación de las necesidades sociales sugeridas por los datos existentes y la observación directa de quienes solicitaban nuestro servicio a través de la iglesia Arca de Salvación ACYM.&nbsp;</p><p>LBCC comenzó el servicio de la comunidad del Bronx bajo la dirección de su fundador el Revendo José Miguel Núñez y se incorporó como Organización sin fines de lucro a los 02 días del mes Noviembre del 2017, en la Republica Dominicana.&nbsp;</p><p>En repuesta a la necesidad de la comunidad, LBCC con sus profesionales está vinculada con otras organizaciones y hospitales (Arca de salvación, Promesa inc., Hospital Lincoln, Hospital S B, City Harbes, y otras) se han prestado servicio de salud, prueba de VIH con la consejería anticipada y después, conferencia de prevención sobre lo mismo, etc.&nbsp;</p><p>En el año 2022, gracias al ministro, viceministro, director de participación comunitaria, técnicos y otros ministerio como el de economía nacional por aprobar este programa que por nombre lleva “la educación temprana sobre el uso de alcohol, tabaco y otras drogas, previene que nuestros jóvenes no se enfermen bio-psicosocialmente”. Logros: 2021, 29 entrenadores a nivel nacional, de los docentes, orientadores y psicólogos del ministerio de educación, 2022 a 88 técnicos regionales y distritales tanto de participación comunitaria como de orientación y psicología. En el año 2023 actualizado, 1442 facilitadores y en el año 2024 certificamos a 816.</p><p>Incluyendo los 149 que se han certificados en el proyecto de prevención del uso de TAOD y 149 mas sobre la competencia de comunicación efectiva y resolución de conflictos, actualizado a la fecha de hoy un total de 2,383 facilitadores certificados sobre prevención del uso de TAOD y 173 sobre la competencia de comunicación efectiva y resolución de conflictos, que están impactando un promedio de 255,600 niños(as) . En las regionales 01, 05, 06, 07, 15, 11, 13 16. La ASFL esta habilitada por los Ministerios de Educación y Salud de una manera permanente.</p>", "section": 1, "category": 3, "author": null, "cover_image": "", "thumbnail": "", "use_thumbnail_as_cover": false, "tags": "Quienes Somos", "status": "published", "created_at": "2025-12-28T04:30:01.697Z", "updated_at": "2025-12-28T04:30:01.697Z"}}]